7,0.035,0.856,0.034624999999999996,0.8543200000000001
7,0.075,0.84,0.0748,0.838352
7,0.04,0.824,0.04,0.822384
7,0.0,0.808,-7.5e-05,0.806416
7,0.015,0.792,0.014724999999999999,0.7904479999999999
7,0.055,0.776,0.054525,0.7744800000000001
7,0.095,0.76,0.09432499999999999,0.758512
7,0.135,0.744,0.134125,0.742544
7,0.175,0.728,0.173925,0.726576
7,0.215,0.712,0.213725,0.7106079999999999
7,0.255,0.696,0.253525,0.69464
7,0.295,0.68,0.293325,0.678672
7,0.335,0.664,0.333125,0.662704
7,0.375,0.648,0.37292499999999995,0.646736
7,0.415,0.632,0.412725,0.630768
7,0.455,0.616,0.45252499999999996,0.6147999999999999
7,0.495,0.6,0.492325,0.598832
7,0.535,0.584,0.532125,0.582864
7,0.575,0.568,0.571925,0.566896
7,0.615,0.552,0.611725,0.550928
7,0.655,0.536,0.651525,0.53496
7,0.695,0.52,0.691325,0.5189360000000001
7,0.735,0.532,0.731125,0.530904
7,0.775,0.548,0.770925,0.5468719999999999
7,0.815,0.564,0.810725,0.56284
7,0.855,0.58,0.850525,0.578808
7,0.895,0.596,0.890325,0.594776
7,0.935,0.612,0.930125,0.6107440000000001
7,0.975,0.628,0.9702249999999999,0.6267119999999999
7,0.955,0.644,0.9504250000000001,0.6426799999999999
7,0.915,0.66,0.910625,0.658648
7,0.875,0.676,0.870825,0.674616
7,0.835,0.692,0.831025,0.690584
7,0.795,0.708,0.7912250000000001,0.7065520000000001
7,0.755,0.724,0.751425,0.7225199999999999
7,0.715,0.74,0.711625,0.738488
7,0.675,0.756,0.671825,0.754456
7,0.635,0.772,0.6320250000000001,0.770424
7,0.595,0.788,0.5922,0.786396
7,0.56,0.802,0.557375,0.8003680000000001
7,0.525,0.816,0.5225500000000001,0.8143400000000001
7,0.49,0.83,0.487725,0.828364
7,0.455,0.818,0.45289999999999997,0.816392
7,0.42,0.804,0.418075,0.8024199999999999
7,0.385,0.79,0.38325000000000004,0.7884479999999999
7,0.35,0.776,0.348425,0.774476
7,0.315,0.762,0.3136,0.7605040000000001
7,0.28,0.748,0.278775,0.7465320000000001
7,0.245,0.734,0.24395,0.73256
7,0.21,0.72,0.209125,0.718588
7,0.175,0.706,0.1743,0.704616
7,0.14,0.692,0.139475,0.690644
7,0.105,0.678,0.10464999999999999,0.676672
7,0.07,0.664,0.069825,0.6627000000000001
7,0.035,0.65,0.035,0.648728
7,0.0,0.636,-0.00015,0.634756
7,0.03,0.622,0.029674999999999997,0.620784
7,0.065,0.608,0.0645,0.606812
7,0.1,0.594,0.099325,0.59284
7,0.135,0.58,0.13415,0.578868
7,0.17,0.566,0.16897500000000001,0.564896
7,0.205,0.552,0.20379999999999998,0.550924
7,0.24,0.538,0.238625,0.536952
7,0.275,0.524,0.27344999999999997,0.52298
7,0.31,0.51,0.308275,0.509008
7,0.345,0.496,0.3431,0.495036
7,0.38,0.482,0.37792499999999996,0.48106400000000005
7,0.415,0.468,0.41275,0.467092
7,0.45,0.454,0.447575,0.45312
7,0.485,0.44,0.4824,0.43914800000000004
7,0.52,0.426,0.5172249999999999,0.425176
7,0.555,0.412,0.5520499999999999,0.411204
7,0.59,0.398,0.586875,0.39723200000000003
7,0.625,0.384,0.6217,0.38326
7,0.66,0.37,0.656525,0.369288
7,0.695,0.356,0.69135,0.35531599999999997
7,0.73,0.342,0.726175,0.341344
7,0.765,0.328,0.7609999999999999,0.327372
7,0.8,0.314,0.795825,0.31339999999999996
7,0.835,0.3,0.83065,0.29942799999999997
7,0.87,0.286,0.865475,0.28545600000000004
7,0.905,0.272,0.9003,0.271484
7,0.94,0.258,0.935125,0.257512
7,0.975,0.244,0.970275,0.24353999999999998
7,0.945,0.23,0.94045,0.22956800000000002
7,0.91,0.216,0.905625,0.215596
7,0.875,0.202,0.8708,0.201624
7,0.84,0.188,0.8359749999999999,0.18765199999999999
7,0.805,0.174,0.8011499999999999,0.17368
7,0.77,0.16,0.7663249999999999,0.159656
7,0.735,0.172,0.7315,0.17162799999999998
7,0.7,0.186,0.696675,0.1856
7,0.665,0.2,0.66185,0.199572
7,0.63,0.214,0.627025,0.213544
7,0.595,0.228,0.5922,0.227516
7,0.56,0.242,0.557375,0.241488
7,0.525,0.256,0.5225500000000001,0.25546
7,0.49,0.27,0.487725,0.269432
7,0.455,0.284,0.45289999999999997,0.283404
7,0.42,0.298,0.418075,0.297376
7,0.385,0.312,0.38325000000000004,0.311348
7,0.35,0.326,0.348425,0.32532
7,0.315,0.34,0.3136,0.339292
7,0.28,0.354,0.278775,0.353264
7,0.245,0.368,0.24395,0.367236
7,0.21,0.382,0.209125,0.38120800000000005
7,0.175,0.396,0.1743,0.39518000000000003
7,0.14,0.41,0.139475,0.40915199999999996
7,0.105,0.424,0.10464999999999999,0.423124
7,0.07,0.438,0.069825,0.437096
7,0.035,0.452,0.035,0.45106799999999997
7,0.0,0.466,-7.5e-05,0.46504
7,0.015,0.48,0.014750000000000001,0.479012
7,0.05,0.494,0.049574999999999994,0.492984
7,0.085,0.508,0.08439999999999999,0.506956
7,0.12,0.522,0.119225,0.520928
7,0.155,0.536,0.15405,0.5348999999999999
7,0.19,0.55,0.188875,0.5488719999999999
7,0.225,0.564,0.2237,0.562844
7,0.26,0.578,0.258525,0.576816
7,0.295,0.592,0.29335,0.590788
7,0.33,0.606,0.32817500000000005,0.60476
7,0.365,0.62,0.363,0.618732
7,0.4,0.634,0.397825,0.6327039999999999
7,0.435,0.648,0.43265,0.646676
7,0.47,0.662,0.46747500000000003,0.660648
7,0.505,0.676,0.5023,0.67462
7,0.54,0.69,0.537125,0.688592
7,0.575,0.704,0.57195,0.702564
7,0.61,0.718,0.6067750000000001,0.716536
7,0.645,0.732,0.6416,0.730508
7,0.68,0.746,0.6764249999999999,0.74448
7,0.715,0.76,0.71125,0.758452
7,0.75,0.774,0.746075,0.772424
7,0.785,0.788,0.7809,0.786396
7,0.82,0.802,0.815725,0.8003680000000001
7,0.855,0.816,0.85055,0.8143400000000001
7,0.89,0.83,0.0027352500000000003,0.00025140799999999995
7,0.55,0.126,0.54705,0.12570399999999998
7,0.59,0.148,0.586775,0.14765999999999999
7,0.645,0.17,0.6415000000000001,0.16961600000000002
7,0.7,0.192,0.696225,0.191572
7,0.755,0.214,0.75095,0.213528
7,0.81,0.236,0.8056749999999999,0.235484
7,0.865,0.258,0.8604,0.25744
7,0.92,0.28,0.9151250000000001,0.27939600000000003
7,0.975,0.302,0.9703499999999999,0.30135199999999995
7,0.93,0.324,0.925625,0.323308
7,0.875,0.346,0.8709,0.345264
7,0.82,0.368,0.8161750000000001,0.36722000000000005
7,0.765,0.39,0.76145,0.38917599999999997
7,0.71,0.412,0.706725,0.411132
7,0.655,0.434,0.652,0.43308800000000003
7,0.6,0.456,0.59705,0.455044
7,0.59,0.478,0.586775,0.477
7,0.645,0.5,0.6415000000000001,0.498956
7,0.7,0.522,0.696225,0.520912
7,0.755,0.544,0.75095,0.542868
7,0.81,0.566,0.8056749999999999,0.564824
7,0.865,0.588,0.8604,0.58678
7,0.92,0.61,0.9151250000000001,0.6087359999999999
7,0.975,0.632,0.970325,0.630692
7,0.935,0.654,0.9306,0.652648
7,0.88,0.676,0.8758750000000001,0.6746040000000001
7,0.825,0.698,0.8211499999999999,0.69656
7,0.77,0.72,0.766425,0.7185159999999999
7,0.715,0.742,0.7117,0.740472
7,0.66,0.764,0.6569750000000001,0.762428
7,0.605,0.786,0.6022500000000001,0.784384
7,0.55,0.808,0.5475249999999999,0.8063400000000001
7,0.495,0.83,0.4928,0.8283440000000001
7,0.44,0.828,0.438075,0.826388
7,0.385,0.806,0.38335,0.804432
7,0.33,0.784,0.32862499999999994,0.782476
7,0.275,0.762,0.27390000000000003,0.76052
7,0.22,0.74,0.219175,0.738564
7,0.165,0.718,0.16445,0.7166079999999999
7,0.11,0.696,0.109725,0.694652
7,0.055,0.674,0.055,0.6726960000000001
7,0.0,0.652,-0.0002,0.65074
7,0.04,0.63,0.039525000000000005,0.628784
7,0.095,0.608,0.09425,0.6068279999999999
7,0.15,0.586,0.148975,0.584872
7,0.205,0.564,0.20370000000000002,0.5629160000000001
7,0.26,0.542,0.258425,0.54096
7,0.315,0.52,0.31315000000000004,0.518956
7,0.37,0.522,0.367875,0.520912
7,0.425,0.544,0.4226,0.542868
7,0.48,0.566,0.477325,0.564824
7,0.535,0.588,0.53205,0.58678
7,0.59,0.61,0.586775,0.6087359999999999
7,0.645,0.632,0.6415000000000001,0.630692
7,0.7,0.654,0.696225,0.652648
7,0.755,0.676,0.75095,0.6746040000000001
7,0.81,0.698,0.8056749999999999,0.69656
7,0.865,0.72,0.8604,0.7185159999999999
7,0.92,0.742,0.9151250000000001,0.740472
7,0.975,0.764,0.9702500000000001,0.762428
7,0.95,0.786,0.945525,0.784384
7,0.895,0.808,0.8908,0.8063400000000001
7,0.84,0.83,0.83615,0.82836
7,0.77,0.82,0.7665000000000001,0.818404
7,0.7,0.798,0.69685,0.7964479999999999
7,0.63,0.776,0.6272,0.774492
7,0.56,0.754,0.55755,0.752536
7,0.49,0.732,0.4879,0.73058
7,0.42,0.71,0.41825,0.708624
7,0.35,0.688,0.3486,0.6866680000000001
7,0.28,0.666,0.27895,0.664712
7,0.21,0.644,0.20929999999999999,0.642756
7,0.14,0.622,0.13965,0.6207999999999999
7,0.07,0.6,0.07,0.598844
7,0.0,0.578,-0.000325,0.5768880000000001
7,0.065,0.556,0.06432500000000001,0.554932
7,0.135,0.534,0.133975,0.532976
7,0.205,0.512,0.203625,0.51102
7,0.275,0.49,0.273275,0.489064
7,0.345,0.468,0.342925,0.467108
7,0.415,0.446,0.412575,0.445152
7,0.485,0.424,0.48222499999999996,0.423196
7,0.555,0.402,0.551875,0.40124
7,0.625,0.38,0.621525,0.379284
7,0.695,0.358,0.6911750000000001,0.357328
7,0.765,0.336,0.760825,0.335372
7,0.835,0.314,0.830475,0.313416
7,0.905,0.292,0.9001250000000001,0.29146
7,0.975,0.27,0.9703499999999999,0.269504
7,0.93,0.248,0.9257,0.247548
7,0.86,0.226,0.8560500000000001,0.22559200000000001
7,0.79,0.204,0.7864,0.20363599999999998
7,0.72,0.182,0.71675,0.18168
7,0.65,0.16,0.647,0.15966
7,0.6,0.17,0.5972500000000001,0.16962
7,0.55,0.19,0.5475,0.18958000000000003
7,0.5,0.21,0.49774999999999997,0.20954
7,0.45,0.23,0.44799999999999995,0.2295
7,0.4,0.25,0.39825000000000005,0.24946000000000002
7,0.35,0.27,0.34850000000000003,0.26942
7,0.3,0.29,0.29875,0.28937999999999997
7,0.25,0.31,0.249,0.30933999999999995
7,0.2,0.33,0.19925,0.32930000000000004
7,0.15,0.35,0.1495,0.34926
7,0.1,0.37,0.09974999999999999,0.36922000000000005
7,0.05,0.39,0.05,0.38918
7,0.0,0.41,-0.00025,0.40914
7,0.05,0.43,0.0495,0.42910000000000004
7,0.1,0.45,0.09925,0.44906
7,0.15,0.47,0.149,0.46902
7,0.2,0.49,0.19899999999999998,0.48898
7,0.2,0.51,0.19925,0.50894
7,0.15,0.53,0.1495,0.5288999999999999
7,0.1,0.55,0.09974999999999999,0.54886
7,0.05,0.57,0.05,0.5688200000000001
7,0.0,0.59,-0.000125,0.58878
7,0.025,0.61,0.024624999999999998,0.6087400000000001
7,0.075,0.63,0.074375,0.6287
7,0.125,0.65,0.124125,0.64866
7,0.175,0.67,0.173875,0.66862
7,0.225,0.69,0.22362500000000002,0.6885800000000001
7,0.275,0.71,0.273375,0.70854
7,0.325,0.73,0.323125,0.7285
7,0.375,0.75,0.372875,0.74846
7,0.425,0.77,0.42262500000000003,0.76842
7,0.475,0.79,0.472375,0.78838
7,0.525,0.81,0.522125,0.8083400000000001
7,0.575,0.83,0.571875,0.82836
7,0.625,0.82,0.621625,0.8184
7,0.675,0.8,0.671375,0.79844
7,0.725,0.78,0.721125,0.7784800000000001
7,0.775,0.76,0.7708750000000001,0.75852
7,0.825,0.74,0.820625,0.73856
7,0.875,0.72,0.8703749999999999,0.7186
7,0.925,0.7,0.9201250000000001,0.69864
7,0.975,0.68,0.9702500000000001,0.67868
7,0.95,0.66,0.9455,0.65872
7,0.9,0.64,0.89575,0.63876
7,0.85,0.62,0.846,0.6187999999999999
7,0.8,0.6,0.79625,0.59884
7,0.75,0.58,0.7465,0.57888
7,0.7,0.56,0.69675,0.55892
7,0.65,0.54,0.647,0.53896
7,0.6,0.52,0.5972500000000001,0.519
7,0.55,0.5,0.5475,0.49904000000000004
7,0.5,0.48,0.49774999999999997,0.47908
7,0.45,0.46,0.44799999999999995,0.45912000000000003
7,0.4,0.44,0.39825000000000005,0.43916000000000005
7,0.35,0.42,0.34850000000000003,0.41919999999999996
7,0.3,0.4,0.29875,0.39924
7,0.25,0.38,0.249,0.37927999999999995
7,0.2,0.36,0.19925,0.35932
7,0.15,0.34,0.1495,0.33936
7,0.1,0.32,0.09974999999999999,0.31939999999999996
7,0.05,0.3,0.05,0.29944
7,0.0,0.28,-0.00025,0.27948
7,0.05,0.26,0.0495,0.25952
7,0.1,0.24,0.09925,0.23956
7,0.15,0.22,0.149,0.2196
7,0.2,0.2,0.19875,0.19963999999999998
7,0.25,0.18,0.24850000000000003,0.17968
7,0.3,0.16,0.29875,0.159652
7,0.25,0.174,0.249,0.173612
7,0.2,0.194,0.19925,0.193572
7,0.15,0.214,0.1495,0.213532
7,0.1,0.234,0.09974999999999999,0.23349199999999998
7,0.05,0.254,0.05,0.253452
7,0.0,0.274,-0.000125,0.273412
7,0.025,0.294,0.024624999999999998,0.293372
7,0.075,0.314,0.074375,0.313332
7,0.125,0.334,0.124125,0.333292
7,0.175,0.354,0.173875,0.353252
7,0.225,0.374,0.22362500000000002,0.373212
7,0.275,0.394,0.273375,0.393172
7,0.325,0.414,0.323125,0.413132
7,0.375,0.434,0.372875,0.433092
7,0.425,0.454,0.42262500000000003,0.453052
7,0.475,0.474,0.472375,0.473012
7,0.525,0.494,0.522125,0.49297199999999997
7,0.575,0.514,0.571875,0.512932
7,0.625,0.534,0.621625,0.532892
7,0.675,0.554,0.671375,0.552852
7,0.725,0.574,0.721125,0.572812
7,0.775,0.594,0.7708750000000001,0.5927720000000001
7,0.825,0.614,0.820625,0.6127319999999999
7,0.875,0.634,0.8703749999999999,0.632692
7,0.925,0.654,0.9201250000000001,0.652652
7,0.975,0.674,0.970375,0.672612
7,0.925,0.694,0.920625,0.692572
7,0.875,0.714,0.8708750000000001,0.712532
7,0.825,0.734,0.821125,0.7324919999999999
7,0.775,0.754,0.771375,0.752452
7,0.725,0.774,0.721625,0.772412
7,0.675,0.794,0.6718500000000001,0.792376
7,0.63,0.812,0.627075,0.8103400000000001
7,0.585,0.83,0.5822999999999999,0.828348
7,0.54,0.826,0.537525,0.824384
7,0.495,0.808,0.49274999999999997,0.8064199999999999
7,0.45,0.79,0.447975,0.788456
7,0.405,0.772,0.4032,0.770492
7,0.36,0.754,0.358425,0.752528
7,0.315,0.736,0.31365,0.734564
7,0.27,0.718,0.268875,0.7166
7,0.225,0.7,0.2241,0.6986359999999999
7,0.18,0.682,0.179325,0.680672
7,0.135,0.664,0.13455,0.662708
7,0.09,0.646,0.089775,0.644744
7,0.045,0.628,0.045,0.62678
7,0.0,0.61,-0.00015,0.608816
7,0.03,0.592,0.029625,0.5908519999999999
7,0.075,0.574,0.07440000000000001,0.5728880000000001
7,0.12,0.556,0.119175,0.554924
7,0.165,0.538,0.16394999999999998,0.53696
7,0.21,0.52,0.208725,0.518996
7,0.255,0.502,0.2535,0.501032
7,0.3,0.484,0.298275,0.483068
7,0.345,0.466,0.34305,0.46510399999999996
7,0.39,0.448,0.387825,0.44714
7,0.435,0.43,0.4326,0.429176
7,0.48,0.412,0.477375,0.41121199999999997
7,0.525,0.394,0.52215,0.393248
7,0.57,0.376,0.566925,0.375284
7,0.615,0.358,0.6117,0.35731999999999997
7,0.66,0.34,0.6564749999999999,0.339356
7,0.705,0.322,0.70125,0.321392
7,0.75,0.304,0.746025,0.303428
7,0.795,0.286,0.7908,0.285464
7,0.84,0.268,0.8355750000000001,0.2675
7,0.885,0.25,0.88035,0.249536
7,0.93,0.232,0.925125,0.231572
7,0.975,0.214,0.9703499999999999,0.213608
7,0.93,0.196,0.925575,0.195644
7,0.885,0.178,0.8808,0.17768
7,0.84,0.16,0.8355750000000001,0.159672
7,0.885,0.164,0.88035,0.163636
7,0.93,0.182,0.925125,0.18159999999999998
7,0.975,0.2,0.970275,0.199564
7,0.945,0.218,0.9405,0.217528
7,0.9,0.236,0.8957250000000001,0.23549199999999998
7,0.855,0.254,0.85095,0.253456
7,0.81,0.272,0.8061750000000001,0.27142
7,0.765,0.29,0.7614,0.28938400000000003
7,0.72,0.308,0.716625,0.307348
7,0.675,0.326,0.6718500000000001,0.325312
7,0.63,0.344,0.627075,0.343276
7,0.585,0.362,0.5822999999999999,0.36124
7,0.54,0.38,0.537525,0.379204
7,0.495,0.398,0.49274999999999997,0.397168
7,0.45,0.416,0.447975,0.415132
7,0.405,0.434,0.4032,0.433096
7,0.36,0.452,0.358425,0.45106
7,0.315,0.47,0.31365,0.469024
7,0.27,0.488,0.268875,0.486988
7,0.225,0.506,0.2241,0.504952
7,0.18,0.524,0.179325,0.522916
7,0.135,0.542,0.13455,0.54088
7,0.09,0.56,0.089775,0.558844
7,0.045,0.578,0.045,0.576808
7,0.0,0.596,-0.00015,0.5947720000000001
7,0.03,0.614,0.029625,0.612736
7,0.075,0.632,0.07440000000000001,0.6307
7,0.12,0.65,0.119175,0.648664
7,0.165,0.668,0.16394999999999998,0.666628
7,0.21,0.686,0.208725,0.684592
7,0.255,0.704,0.2535,0.7025560000000001
7,0.3,0.722,0.298275,0.7205199999999999
7,0.345,0.74,0.34305,0.738484
7,0.39,0.758,0.387825,0.756448
7,0.435,0.776,0.4326,0.774412
7,0.48,0.794,0.477375,0.792376
7,0.525,0.812,0.52215,0.8103400000000001
7,0.57,0.83,0.566925,0.828348
7,0.615,0.826,0.6117,0.824384
7,0.66,0.808,0.6564749999999999,0.8064199999999999
7,0.705,0.79,0.70125,0.788456
7,0.75,0.772,0.746025,0.770492
7,0.795,0.754,0.7908,0.752528
7,0.84,0.736,0.8355750000000001,0.734564
7,0.885,0.718,0.88035,0.7166
7,0.93,0.7,0.925125,0.6986359999999999
7,0.975,0.682,0.9703499999999999,0.680672
7,0.93,0.664,0.925575,0.662708
7,0.885,0.646,0.8808,0.644744
7,0.84,0.628,0.836025,0.62678
7,0.795,0.61,0.79125,0.608816
7,0.75,0.592,0.7464749999999999,0.5908519999999999
7,0.705,0.574,0.7017,0.5728880000000001
7,0.66,0.556,0.656925,0.554924
7,0.615,0.538,0.6121500000000001,0.53696
7,0.57,0.52,0.567375,0.518996
7,0.525,0.502,0.5223749999999999,0.501032
7,0.525,0.484,0.52215,0.483068
7,0.57,0.466,0.566925,0.46510399999999996
7,0.615,0.448,0.611725,0.44713600000000003
7,0.655,0.432,0.651525,0.431168
7,0.695,0.416,0.691325,0.4152
7,0.735,0.4,0.731125,0.39923200000000003
7,0.775,0.384,0.770925,0.383264
7,0.815,0.368,0.810725,0.367296
7,0.855,0.352,0.850525,0.351328
7,0.895,0.336,0.890325,0.33536
7,0.935,0.32,0.930125,0.319392
7,0.975,0.304,0.9702,0.30342399999999997
7,0.96,0.288,0.9554,0.28745600000000004
7,0.92,0.272,0.9156,0.271488
7,0.88,0.256,0.8758,0.25552
7,0.84,0.24,0.836,0.239552
7,0.8,0.224,0.7962,0.223584
7,0.76,0.208,0.7564,0.20761600000000002
7,0.72,0.192,0.7166,0.19164799999999999
7,0.68,0.176,0.6768000000000001,0.17568
7,0.64,0.16,0.637,0.159652
7,0.6,0.174,0.5972,0.17362
7,0.56,0.19,0.5574,0.189588
7,0.52,0.206,0.5176,0.20555600000000002
7,0.48,0.222,0.4778,0.221524
7,0.44,0.238,0.43799999999999994,0.23749199999999998
7,0.4,0.254,0.3982,0.25346
7,0.36,0.27,0.35840000000000005,0.269428
7,0.32,0.286,0.3186,0.28539600000000004
7,0.28,0.302,0.2788,0.30136399999999997
7,0.24,0.318,0.239,0.317332
7,0.2,0.334,0.19920000000000002,0.3333
7,0.16,0.35,0.1594,0.34926799999999997
7,0.12,0.366,0.11960000000000001,0.365236
7,0.08,0.382,0.07980000000000001,0.381204
7,0.04,0.398,0.04,0.397172
7,0.0,0.414,-7.5e-05,0.41314
7,0.015,0.43,0.014724999999999999,0.429108
7,0.055,0.446,0.054525,0.445076
7,0.095,0.462,0.09432499999999999,0.461044
7,0.135,0.478,0.134125,0.477012
7,0.175,0.494,0.173925,0.49298000000000003
7,0.215,0.51,0.213725,0.508948
7,0.255,0.526,0.253525,0.524916
7,0.295,0.542,0.293325,0.540884
7,0.335,0.558,0.333125,0.556852
7,0.375,0.574,0.37292499999999995,0.57282
7,0.415,0.59,0.412725,0.588788
7,0.455,0.606,0.45252499999999996,0.604756
7,0.495,0.622,0.492325,0.620724
7,0.535,0.638,0.532125,0.636692
7,0.575,0.654,0.571925,0.65266
7,0.615,0.67,0.611725,0.668628
7,0.655,0.686,0.651525,0.684596
7,0.695,0.702,0.691325,0.700564
7,0.735,0.718,0.731125,0.7165320000000001
7,0.775,0.734,0.770925,0.7325
7,0.815,0.75,0.810725,0.7484679999999999
7,0.855,0.766,0.850525,0.764436
7,0.895,0.782,0.890325,0.780404
7,0.935,0.798,0.930125,0.796372
7,0.975,0.814,0.9702500000000001,0.8123400000000001
7,0.95,0.83,0.94545,0.828348
7,0.91,0.826,0.90565,0.82438
7,0.87,0.81,0.8658499999999999,0.808412
7,0.83,0.794,0.8260500000000001,0.7924439999999999
7,0.79,0.778,0.78625,0.7764759999999999
7,0.75,0.762,0.74645,0.7605080000000001
7,0.71,0.746,0.7066500000000001,0.74454
7,0.67,0.73,0.66685,0.728572
7,0.63,0.714,0.62705,0.712604
7,0.59,0.698,0.58725,0.6966359999999999
7,0.55,0.682,0.54745,0.680668
7,0.51,0.666,0.50765,0.6647000000000001
7,0.47,0.65,0.46785,0.648732
7,0.43,0.634,0.42805,0.632764
7,0.39,0.618,0.38825000000000004,0.616796
7,0.35,0.602,0.34845,0.600828
7,0.31,0.586,0.30865,0.58486
7,0.27,0.57,0.26885000000000003,0.5688920000000001
7,0.23,0.554,0.22905,0.552924
7,0.19,0.538,0.18925,0.536956
7,0.15,0.522,0.1491,0.520988
7,0.18,0.506,0.1789,0.50502
7,0.22,0.49,0.2187,0.48905200000000004
7,0.26,0.474,0.2585,0.473084
7,0.3,0.458,0.2983,0.45711599999999997
7,0.34,0.442,0.3381,0.44114800000000004
7,0.38,0.426,0.3779,0.42518
7,0.42,0.41,0.4177,0.40921199999999996
7,0.46,0.394,0.4575,0.39324400000000004
7,0.5,0.378,0.49729999999999996,0.377276
7,0.54,0.362,0.5371,0.361308
7,0.58,0.346,0.5769,0.34534
7,0.62,0.33,0.6167,0.329372
7,0.66,0.314,0.6565000000000001,0.313404
7,0.7,0.298,0.6962999999999999,0.297436
7,0.74,0.282,0.7361,0.281468
7,0.78,0.266,0.7759,0.2655
7,0.82,0.25,0.8157,0.249532
7,0.86,0.234,0.8554999999999999,0.233564
7,0.9,0.218,0.8953,0.217596
7,0.94,0.202,0.935125,0.201624
7,0.975,0.188,0.970275,0.18765199999999999
7,0.945,0.174,0.94045,0.17368
7,0.91,0.16,0.905625,0.159656
7,0.875,0.172,0.8708,0.17162799999999998
7,0.84,0.186,0.8359749999999999,0.1856
7,0.805,0.2,0.8011499999999999,0.199572
7,0.77,0.214,0.7663249999999999,0.213544
7,0.735,0.228,0.7315,0.227516
7,0.7,0.242,0.696675,0.241488
7,0.665,0.256,0.66185,0.25546
7,0.63,0.27,0.627025,0.269432
7,0.595,0.284,0.5922,0.283404
7,0.56,0.298,0.557375,0.297376
7,0.525,0.312,0.5225500000000001,0.311348
7,0.49,0.326,0.487725,0.32532
7,0.455,0.34,0.45289999999999997,0.339292
7,0.42,0.354,0.418075,0.353264
7,0.385,0.368,0.38325000000000004,0.367236
7,0.35,0.382,0.348425,0.38120800000000005
7,0.315,0.396,0.3136,0.39518000000000003
7,0.28,0.41,0.278775,0.40915199999999996
7,0.245,0.424,0.24395,0.423124
7,0.21,0.438,0.209125,0.437096
7,0.175,0.452,0.1743,0.45106799999999997
7,0.14,0.466,0.139475,0.46504
7,0.105,0.48,0.10464999999999999,0.479012
7,0.07,0.494,0.069825,0.492984
7,0.035,0.508,0.035,0.506956
7,0.0,0.522,-0.00015,0.520928
7,0.03,0.536,0.029674999999999997,0.5348999999999999
7,0.065,0.55,0.0645,0.5488719999999999
7,0.1,0.564,0.099325,0.562844
7,0.135,0.578,0.13415,0.576816
7,0.17,0.592,0.16897500000000001,0.590788
7,0.205,0.606,0.20379999999999998,0.60476
7,0.24,0.62,0.238625,0.618732
7,0.275,0.634,0.27344999999999997,0.6327039999999999
7,0.31,0.648,0.308275,0.646676
7,0.345,0.662,0.3431,0.660648
7,0.38,0.676,0.37792499999999996,0.67462
7,0.415,0.69,0.41275,0.688592
7,0.45,0.704,0.447575,0.702564
7,0.485,0.718,0.4824,0.716536
7,0.52,0.732,0.5172249999999999,0.730508
7,0.555,0.746,0.5520499999999999,0.74448
7,0.59,0.76,0.586875,0.758452
7,0.625,0.774,0.6217,0.772424
7,0.66,0.788,0.656525,0.786396
7,0.695,0.802,0.69135,0.8003680000000001
7,0.73,0.816,0.726175,0.8143400000000001
7,0.765,0.83,0.7609999999999999,0.828364
7,0.8,0.818,0.795825,0.816392
7,0.835,0.804,0.83065,0.8024199999999999
7,0.87,0.79,0.865475,0.7884479999999999
7,0.905,0.776,0.9003,0.774476
7,0.94,0.762,0.935125,0.7605040000000001
7,0.975,0.748,0.970275,0.7465320000000001
7,0.945,0.734,0.94045,0.73256
7,0.91,0.72,0.905625,0.718588
7,0.875,0.706,0.8708,0.704616
7,0.84,0.692,0.8359749999999999,0.690644
7,0.805,0.678,0.8011499999999999,0.676672
7,0.77,0.664,0.7663249999999999,0.6627000000000001
7,0.735,0.65,0.7315,0.648728
7,0.7,0.636,0.696675,0.634756
7,0.665,0.622,0.66185,0.620784
7,0.63,0.608,0.627025,0.606812
7,0.595,0.594,0.5922,0.59284
7,0.56,0.58,0.557375,0.578868
7,0.525,0.566,0.5225500000000001,0.564896
7,0.49,0.552,0.487725,0.550924
7,0.455,0.538,0.45289999999999997,0.536952
7,0.42,0.524,0.418075,0.52298
7,0.385,0.51,0.38325000000000004,0.509008
7,0.35,0.496,0.348425,0.495036
7,0.315,0.482,0.3136,0.48106400000000005
7,0.28,0.468,0.278775,0.467092
7,0.245,0.454,0.24395,0.45312
7,0.21,0.44,0.209125,0.43914800000000004
7,0.175,0.426,0.1743,0.425176
7,0.14,0.412,0.139475,0.411204
7,0.105,0.398,0.10464999999999999,0.39723200000000003
7,0.07,0.384,0.069825,0.38326
7,0.035,0.37,0.035,0.369288
7,0.0,0.356,-0.00017500000000000003,0.35531599999999997
7,0.035,0.342,0.03465,0.341344
7,0.07,0.328,0.069475,0.327372
7,0.105,0.314,0.1043,0.31339999999999996
7,0.14,0.3,0.139125,0.29942799999999997
7,0.175,0.286,0.17395,0.28545600000000004
7,0.21,0.272,0.20877500000000002,0.271484
7,0.245,0.258,0.24359999999999998,0.257512
7,0.28,0.244,0.27842500000000003,0.24353999999999998
7,0.315,0.23,0.31325,0.22956800000000002
7,0.35,0.216,0.34807499999999997,0.215596
7,0.385,0.202,0.3829,0.201624
7,0.42,0.188,0.417725,0.18765199999999999
7,0.455,0.174,0.45255,0.17368
7,0.49,0.16,0.001295125,0.000211472
7,0.26,0.106,0.259025,0.10573600000000001
7,0.195,0.132,0.19435,0.131684
7,0.13,0.158,0.12967499999999998,0.157632
7,0.065,0.184,0.065,0.18358000000000002
7,0.0,0.21,-0.000325,0.209528
7,0.065,0.236,0.06434999999999999,0.235476
7,0.13,0.262,0.129025,0.261424
7,0.195,0.288,0.1937,0.287372
7,0.26,0.314,0.25837499999999997,0.31332
7,0.325,0.34,0.32305,0.33926799999999996
7,0.39,0.366,0.387725,0.365216
7,0.455,0.392,0.4524,0.391164
7,0.52,0.418,0.5170750000000001,0.41711200000000004
7,0.585,0.444,0.58175,0.44306
7,0.65,0.47,0.646425,0.469108
7,0.715,0.446,0.7111,0.44516
7,0.78,0.42,0.775775,0.419212
7,0.845,0.394,0.84045,0.393264
7,0.91,0.368,0.9051250000000001,0.367316
7,0.975,0.342,0.970175,0.341368
7,0.965,0.316,0.9605,0.31542000000000003
7,0.9,0.29,0.895825,0.289472
7,0.835,0.264,0.8311499999999999,0.263524
7,0.77,0.238,0.7664749999999999,0.23757599999999998
7,0.705,0.212,0.7018000000000001,0.21162799999999998
7,0.64,0.186,0.6371249999999999,0.18568
7,0.575,0.16,0.571725,0.159632
7,0.655,0.184,0.6513249999999999,0.18358000000000002
7,0.735,0.21,0.730925,0.209528
7,0.815,0.236,0.8105249999999999,0.235476
7,0.895,0.262,0.890125,0.261424
7,0.975,0.288,0.9702,0.287372
7,0.96,0.314,0.9556,0.31332
7,0.88,0.34,0.8759999999999999,0.33926799999999996
7,0.8,0.366,0.7964,0.365216
7,0.72,0.392,0.7168000000000001,0.391164
7,0.64,0.418,0.6372,0.41711200000000004
7,0.56,0.444,0.5576,0.44306
7,0.48,0.47,0.478,0.469108
7,0.4,0.446,0.39840000000000003,0.44516
7,0.32,0.42,0.3188,0.419212
7,0.24,0.394,0.23920000000000002,0.393264
7,0.16,0.368,0.15960000000000002,0.367316
7,0.08,0.342,0.08,0.341368
7,0.0,0.316,-0.000275,0.31542000000000003
7,0.055,0.29,0.054325,0.289472
7,0.135,0.264,0.133925,0.263524
7,0.215,0.238,0.213525,0.23757599999999998
7,0.295,0.212,0.293125,0.21162799999999998
7,0.375,0.186,0.37272500000000003,0.18568
7,0.455,0.16,0.4524,0.159628
7,0.52,0.186,0.5170750000000001,0.185576
7,0.585,0.212,0.58175,0.211524
7,0.65,0.238,0.646425,0.23747200000000002
7,0.715,0.264,0.7111,0.26342000000000004
7,0.78,0.29,0.775775,0.289368
7,0.845,0.316,0.84045,0.315316
7,0.91,0.342,0.9051250000000001,0.341264
7,0.975,0.368,0.97015,0.367212
7,0.97,0.394,0.965475,0.39316
7,0.905,0.42,0.9007999999999999,0.419108
7,0.84,0.446,0.836125,0.445056
7,0.775,0.472,0.77145,0.47100400000000003
7,0.71,0.498,0.7067749999999999,0.496952
7,0.645,0.524,0.6420999999999999,0.5229
7,0.58,0.55,0.577425,0.548848
7,0.515,0.576,0.51275,0.5747960000000001
7,0.45,0.602,0.448075,0.6007440000000001
7,0.385,0.628,0.3834,0.626692
7,0.32,0.654,0.318725,0.65264
7,0.255,0.68,0.25405,0.678588
7,0.19,0.706,0.189375,0.7045359999999999
7,0.125,0.732,0.1247,0.730484
7,0.06,0.758,0.06,0.756436
7,0.0,0.782,-7.5e-05,0.7803880000000001
7,0.015,0.806,0.014624999999999999,0.80434
7,0.075,0.83,0.074325,0.828384
7,0.135,0.808,0.134025,0.806432
7,0.195,0.784,0.19372499999999998,0.7824800000000001
7,0.255,0.76,0.253425,0.758528
7,0.315,0.736,0.313125,0.734576
7,0.375,0.712,0.37282499999999996,0.710624
7,0.435,0.688,0.432525,0.6866720000000001
7,0.495,0.664,0.49222499999999997,0.66272
7,0.555,0.64,0.551925,0.638768
7,0.615,0.616,0.611625,0.614816
7,0.675,0.592,0.671325,0.5908640000000001
7,0.735,0.568,0.731025,0.5669120000000001
7,0.795,0.544,0.790725,0.54296
7,0.855,0.52,0.850425,0.518916
7,0.915,0.542,0.9101250000000001,0.540868
7,0.975,0.566,0.9702,0.5648200000000001
7,0.96,0.59,0.9555,0.5887720000000001
7,0.9,0.614,0.8957999999999999,0.612724
7,0.84,0.638,0.8361,0.636676
7,0.78,0.662,0.7764,0.660628
7,0.72,0.686,0.7167,0.6845800000000001
7,0.66,0.71,0.657,0.708532
7,0.6,0.734,0.5972999999999999,0.732484
7,0.54,0.758,0.5376,0.756436
7,0.48,0.782,0.4779,0.7803880000000001
7,0.42,0.806,0.4182,0.80434
7,0.36,0.83,0.35850000000000004,0.828384
7,0.3,0.808,0.2988,0.806432
7,0.24,0.784,0.2391,0.7824800000000001
7,0.18,0.76,0.1794,0.758528
7,0.12,0.736,0.1197,0.734576
7,0.06,0.712,0.06,0.710624
7,0.0,0.688,-7.5e-05,0.6866720000000001
7,0.015,0.664,0.014624999999999999,0.66272
7,0.075,0.64,0.074325,0.638768
7,0.135,0.616,0.134025,0.614816
7,0.195,0.592,0.19372499999999998,0.5908640000000001
7,0.255,0.568,0.253425,0.5669120000000001
7,0.315,0.544,0.313125,0.54296
7,0.375,0.52,0.37282499999999996,0.518916
7,0.435,0.542,0.432525,0.540868
7,0.495,0.566,0.49222499999999997,0.5648200000000001
7,0.555,0.59,0.551925,0.5887720000000001
7,0.615,0.614,0.611625,0.612724
7,0.675,0.638,0.671325,0.636676
7,0.735,0.662,0.731025,0.660628
7,0.795,0.686,0.790725,0.6845800000000001
7,0.855,0.71,0.850425,0.708532
7,0.915,0.734,0.9101250000000001,0.732484
7,0.975,0.758,0.9702,0.756436
7,0.96,0.782,0.9555,0.7803880000000001
7,0.9,0.806,0.8957999999999999,0.80434
7,0.84,0.83,0.8361,0.828384
7,0.78,0.808,0.7764,0.806432
7,0.72,0.784,0.7167,0.7824800000000001
7,0.66,0.76,0.657,0.758528
7,0.6,0.736,0.5972999999999999,0.734576
7,0.54,0.712,0.5376,0.710624
7,0.48,0.688,0.4779,0.6866720000000001
7,0.42,0.664,0.4182,0.66272
7,0.36,0.64,0.35850000000000004,0.638768
7,0.3,0.616,0.2988,0.614816
7,0.24,0.592,0.2391,0.5908640000000001
7,0.18,0.568,0.1794,0.5669120000000001
7,0.12,0.544,0.1197,0.54296
7,0.06,0.52,0.06,0.519008
7,0.0,0.496,-0.0003,0.495056
7,0.06,0.472,0.0594,0.47110399999999997
7,0.12,0.448,0.1191,0.447152
7,0.18,0.424,0.1788,0.42319999999999997
7,0.24,0.4,0.23850000000000002,0.399248
7,0.3,0.376,0.2982,0.375296
7,0.36,0.352,0.3579,0.351344
7,0.42,0.328,0.41759999999999997,0.327392
7,0.48,0.304,0.47729999999999995,0.30344
7,0.54,0.28,0.537,0.279488
7,0.6,0.256,0.5967,0.255536
7,0.66,0.232,0.6564,0.231584
7,0.72,0.208,0.7161,0.207632
7,0.78,0.184,0.7757999999999999,0.18368
7,0.84,0.16,0.8361,0.159636
7,0.78,0.182,0.7764,0.181588
7,0.72,0.206,0.7167,0.20554
7,0.66,0.23,0.657,0.229492
7,0.6,0.254,0.5972999999999999,0.253444
7,0.54,0.278,0.5376,0.27739600000000003
7,0.48,0.302,0.4779,0.301348
7,0.42,0.326,0.4182,0.32530000000000003
7,0.36,0.35,0.35850000000000004,0.349252
7,0.3,0.374,0.2988,0.373204
7,0.24,0.398,0.2391,0.397156
7,0.18,0.422,0.1794,0.421108
7,0.12,0.446,0.1197,0.44506
7,0.06,0.47,0.06,0.469012
7,0.0,0.494,-0.00015,0.492964
7,0.03,0.518,0.02955,0.516916
7,0.09,0.542,0.08925000000000001,0.540868
7,0.15,0.566,0.148975,0.564824
7,0.205,0.588,0.20370000000000002,0.58678
7,0.26,0.61,0.258425,0.6087359999999999
7,0.315,0.632,0.31315000000000004,0.630692
7,0.37,0.654,0.367875,0.652648
7,0.425,0.676,0.4226,0.6746040000000001
7,0.48,0.698,0.477325,0.69656
7,0.535,0.72,0.53205,0.7185159999999999
7,0.59,0.742,0.586775,0.740472
7,0.645,0.764,0.6415000000000001,0.762428
7,0.7,0.786,0.696225,0.784384
7,0.755,0.808,0.75095,0.8063400000000001
7,0.81,0.83,0.8056749999999999,0.8283440000000001
7,0.865,0.828,0.8604,0.826388
7,0.92,0.806,0.9151250000000001,0.804432
7,0.975,0.784,0.970325,0.782476
7,0.935,0.762,0.9306,0.76052
7,0.88,0.74,0.8758750000000001,0.738564
7,0.825,0.718,0.8211499999999999,0.7166079999999999
7,0.77,0.696,0.766425,0.694652
7,0.715,0.674,0.7117,0.6726960000000001
7,0.66,0.652,0.6569750000000001,0.65074
7,0.605,0.63,0.6022500000000001,0.628784
7,0.55,0.608,0.5475249999999999,0.6068279999999999
7,0.495,0.586,0.4928,0.584872
7,0.44,0.564,0.438075,0.5629160000000001
7,0.385,0.542,0.38335,0.54096
7,0.33,0.52,0.32862499999999994,0.518956
7,0.275,0.522,0.27390000000000003,0.520912
7,0.22,0.544,0.219175,0.542868
7,0.165,0.566,0.16445,0.564824
7,0.11,0.588,0.109725,0.58678
7,0.055,0.61,0.055,0.6087359999999999
7,0.0,0.632,-0.0002,0.630692
7,0.04,0.654,0.039525000000000005,0.652648
7,0.095,0.676,0.09425,0.6746040000000001
7,0.15,0.698,0.148975,0.69656
7,0.205,0.72,0.20370000000000002,0.7185159999999999
7,0.26,0.742,0.258425,0.740472
7,0.315,0.764,0.31315000000000004,0.762428
7,0.37,0.786,0.367875,0.784384
7,0.425,0.808,0.4226,0.8063400000000001
7,0.48,0.83,0.477325,0.82836
7,0.535,0.82,0.53205,0.818404
7,0.59,0.798,0.586775,0.7964479999999999
7,0.645,0.776,0.6415000000000001,0.774492
7,0.7,0.754,0.696225,0.752536
7,0.755,0.732,0.75095,0.73058
7,0.81,0.71,0.8056749999999999,0.708624
7,0.865,0.688,0.8604,0.6866680000000001
7,0.92,0.666,0.9151250000000001,0.664712
7,0.975,0.644,0.970325,0.642756
7,0.935,0.622,0.9306,0.6207999999999999
7,0.88,0.6,0.8758750000000001,0.598844
7,0.825,0.578,0.8211499999999999,0.5768880000000001
7,0.77,0.556,0.766425,0.554932
7,0.715,0.534,0.7117,0.532976
7,0.66,0.512,0.6569750000000001,0.51102
7,0.605,0.49,0.6022500000000001,0.489064
7,0.55,0.468,0.5475249999999999,0.467108
7,0.495,0.446,0.4928,0.445152
7,0.44,0.424,0.438075,0.423196
7,0.385,0.402,0.38335,0.40124
7,0.33,0.38,0.32862499999999994,0.379284
7,0.275,0.358,0.27390000000000003,0.357328
7,0.22,0.336,0.219175,0.335372
7,0.165,0.314,0.16445,0.313416
7,0.11,0.292,0.109725,0.29146
7,0.055,0.27,0.055,0.269504
7,0.0,0.248,-0.000275,0.247548
7,0.055,0.226,0.054450000000000005,0.22559200000000001
7,0.11,0.204,0.10917500000000001,0.20363599999999998
7,0.165,0.182,0.16390000000000002,0.18168
7,0.22,0.16,0.219175,0.159644
7,0.165,0.178,0.16445,0.1776
7,0.11,0.2,0.109725,0.199556
7,0.055,0.222,0.055,0.221512
7,0.0,0.244,-0.0002,0.243468
7,0.04,0.266,0.039525000000000005,0.265424
7,0.095,0.288,0.09425,0.28737999999999997
7,0.15,0.31,0.148975,0.309336
7,0.205,0.332,0.20370000000000002,0.331292
7,0.26,0.354,0.258425,0.353248
7,0.315,0.376,0.31315000000000004,0.375204
7,0.37,0.398,0.367875,0.39716
7,0.425,0.42,0.4226,0.419116
7,0.48,0.442,0.477325,0.441072
7,0.535,0.464,0.53205,0.463028
7,0.59,0.486,0.586775,0.48498399999999997
7,0.645,0.508,0.6415000000000001,0.50694
7,0.7,0.53,0.696225,0.5288959999999999
7,0.755,0.552,0.75095,0.550852
7,0.81,0.574,0.8056749999999999,0.572808
7,0.865,0.596,0.8604,0.594764
7,0.92,0.618,0.9151250000000001,0.61672
7,0.975,0.64,0.9704,0.638676
7,0.92,0.662,0.9156749999999999,0.660632
7,0.865,0.684,0.86095,0.682588
7,0.81,0.706,0.806225,0.704544
7,0.755,0.728,0.7515000000000001,0.7265
7,0.7,0.75,0.69675,0.74846
7,0.65,0.77,0.647,0.76842
7,0.6,0.79,0.5972500000000001,0.78838
7,0.55,0.81,0.5475,0.8083400000000001
7,0.5,0.83,0.49774999999999997,0.82836
7,0.45,0.82,0.44799999999999995,0.8184
7,0.4,0.8,0.39825000000000005,0.79844
7,0.35,0.78,0.34850000000000003,0.7784800000000001
7,0.3,0.76,0.29875,0.75852
7,0.25,0.74,0.249,0.73856
7,0.2,0.72,0.19925,0.7186
7,0.15,0.7,0.1495,0.69864
7,0.1,0.68,0.09974999999999999,0.67868
7,0.05,0.66,0.05,0.65872
7,0.0,0.64,-0.000125,0.63876
7,0.025,0.62,0.024624999999999998,0.6187999999999999
7,0.075,0.6,0.074375,0.59884
7,0.125,0.58,0.124125,0.57888
7,0.175,0.56,0.173875,0.55892
7,0.225,0.54,0.22362500000000002,0.53896
7,0.275,0.52,0.273375,0.519
7,0.325,0.5,0.323125,0.49904000000000004
7,0.375,0.48,0.372875,0.47908
7,0.425,0.46,0.42262500000000003,0.45912000000000003
7,0.475,0.44,0.472375,0.43916000000000005
7,0.525,0.42,0.522125,0.41919999999999996
7,0.575,0.4,0.571875,0.39924
7,0.625,0.38,0.621625,0.37927999999999995
7,0.675,0.36,0.671375,0.35932
7,0.725,0.34,0.721125,0.33936
7,0.775,0.32,0.7708750000000001,0.31939999999999996
7,0.825,0.3,0.820625,0.29944
7,0.875,0.28,0.8703749999999999,0.27948
7,0.925,0.26,0.9201250000000001,0.25952
7,0.975,0.24,0.970375,0.23956
7,0.925,0.22,0.920625,0.2196
7,0.875,0.2,0.8708750000000001,0.19963999999999998
7,0.825,0.18,0.821125,0.17968
7,0.775,0.16,0.7708750000000001,0.15966
7,0.825,0.17,0.820625,0.16962
7,0.875,0.19,0.8703749999999999,0.18958000000000003
7,0.925,0.21,0.9201250000000001,0.20954
7,0.975,0.23,0.9702500000000001,0.2295
7,0.95,0.25,0.9455,0.24946000000000002
7,0.9,0.27,0.89575,0.26942
7,0.85,0.29,0.846,0.28937999999999997
7,0.8,0.31,0.79625,0.30933999999999995
7,0.75,0.33,0.7465,0.32930000000000004
7,0.7,0.35,0.69675,0.34926
7,0.65,0.37,0.647,0.36922000000000005
7,0.6,0.39,0.5972500000000001,0.38918
7,0.55,0.41,0.5475,0.40914
7,0.5,0.43,0.49774999999999997,0.42910000000000004
7,0.45,0.45,0.44799999999999995,0.44906
7,0.4,0.47,0.39825000000000005,0.46902
7,0.35,0.49,0.34850000000000003,0.48898
7,0.3,0.51,0.29875,0.50894
7,0.25,0.53,0.249,0.5288999999999999
7,0.2,0.55,0.19925,0.54886
7,0.15,0.57,0.1495,0.5688200000000001
7,0.1,0.59,0.09974999999999999,0.58878
7,0.05,0.61,0.05,0.6087400000000001
7,0.0,0.63,-2.5e-05,0.6287
7,0.005,0.65,0.004725,0.64866
7,0.055,0.67,0.054474999999999996,0.66862
7,0.105,0.69,0.104225,0.6885800000000001
7,0.155,0.71,0.153975,0.70854
7,0.205,0.73,0.203725,0.7285
7,0.255,0.75,0.253475,0.74846
7,0.305,0.77,0.303225,0.76842
7,0.355,0.79,0.352975,0.78838
7,0.405,0.81,0.402725,0.8083400000000001
7,0.455,0.83,0.4524,0.828348
7,0.52,0.826,0.5170750000000001,0.824388
7,0.585,0.806,0.58175,0.804428
7,0.65,0.786,0.646425,0.7844679999999999
7,0.715,0.766,0.7111,0.7645080000000001
7,0.78,0.746,0.775775,0.744548
7,0.845,0.726,0.84045,0.724588
7,0.91,0.706,0.9051250000000001,0.704628
7,0.975,0.686,0.97045,0.684668
7,0.91,0.666,0.905775,0.664708
7,0.845,0.646,0.8411,0.6447480000000001
7,0.78,0.626,0.776425,0.624788
7,0.715,0.606,0.71175,0.6048279999999999
7,0.65,0.586,0.647075,0.584868
7,0.585,0.566,0.5824,0.564908
7,0.52,0.546,0.517725,0.544948
7,0.455,0.526,0.45305,0.524988
7,0.39,0.506,0.38837499999999997,0.505028
7,0.325,0.486,0.3237,0.485068
7,0.26,0.466,0.259025,0.465108
7,0.195,0.446,0.19435,0.44514800000000004
7,0.13,0.426,0.12967499999999998,0.425188
7,0.065,0.406,0.065,0.40522800000000003
7,0.0,0.386,-0.000125,0.385268
7,0.025,0.366,0.024550000000000002,0.36530799999999997
7,0.09,0.346,0.089225,0.345348
7,0.155,0.326,0.1539,0.32538799999999996
7,0.22,0.306,0.21857500000000002,0.305428
7,0.285,0.286,0.283275,0.285464
7,0.345,0.268,0.342975,0.2675
7,0.405,0.25,0.402675,0.249536
7,0.465,0.232,0.462375,0.231572
7,0.525,0.214,0.5220750000000001,0.213608
7,0.585,0.196,0.581775,0.195644
7,0.645,0.178,0.6414749999999999,0.17768
7,0.705,0.16,0.70125,0.159672
7,0.75,0.164,0.746025,0.163636
7,0.795,0.182,0.7908,0.18159999999999998
7,0.84,0.2,0.8355750000000001,0.199564
7,0.885,0.218,0.88035,0.217528
7,0.93,0.236,0.925125,0.23549199999999998
7,0.975,0.254,0.970275,0.253456
7,0.945,0.272,0.9405,0.27142
7,0.9,0.29,0.8957250000000001,0.28938400000000003
7,0.855,0.308,0.85095,0.307348
7,0.81,0.326,0.8061750000000001,0.325312
7,0.765,0.344,0.7614,0.343276
7,0.72,0.362,0.716625,0.36124
7,0.675,0.38,0.6718500000000001,0.379204
7,0.63,0.398,0.627075,0.397168
7,0.585,0.416,0.5822999999999999,0.415132
7,0.54,0.434,0.537525,0.433096
7,0.495,0.452,0.49274999999999997,0.45106
7,0.45,0.47,0.447975,0.469024
7,0.405,0.488,0.4032,0.486988
7,0.36,0.506,0.358425,0.504952
7,0.315,0.524,0.31365,0.522916
7,0.27,0.542,0.268875,0.54088
7,0.225,0.56,0.2241,0.558844
7,0.18,0.578,0.179325,0.576808
7,0.135,0.596,0.13455,0.5947720000000001
7,0.09,0.614,0.089775,0.612736
7,0.045,0.632,0.045,0.6307
7,0.0,0.65,-0.00015,0.648664
7,0.03,0.668,0.029625,0.666628
7,0.075,0.686,0.07440000000000001,0.684592
7,0.12,0.704,0.119175,0.7025560000000001
7,0.165,0.722,0.16394999999999998,0.7205199999999999
7,0.21,0.74,0.208725,0.738484
7,0.255,0.758,0.2535,0.756448
7,0.3,0.776,0.298275,0.774412
7,0.345,0.794,0.34305,0.792376
7,0.39,0.812,0.387825,0.8103400000000001
7,0.435,0.83,0.4326,0.828348
7,0.48,0.826,0.477375,0.824384
7,0.525,0.808,0.52215,0.8064199999999999
7,0.57,0.79,0.566925,0.788456
7,0.615,0.772,0.6117,0.770492
7,0.66,0.754,0.6564749999999999,0.752528
7,0.705,0.736,0.70125,0.734564
7,0.75,0.718,0.746025,0.7166
7,0.795,0.7,0.7908,0.6986359999999999
7,0.84,0.682,0.8355750000000001,0.680672
7,0.885,0.664,0.88035,0.662708
7,0.93,0.646,0.925125,0.644744
7,0.975,0.628,0.970275,0.62678
7,0.945,0.61,0.9405,0.608816
7,0.9,0.592,0.8957250000000001,0.5908519999999999
7,0.855,0.574,0.85095,0.5728880000000001
7,0.81,0.556,0.8061750000000001,0.554924
7,0.765,0.538,0.7614,0.53696
7,0.72,0.52,0.716625,0.518952
7,0.675,0.524,0.6718500000000001,0.522916
7,0.63,0.542,0.627075,0.54088
7,0.585,0.56,0.5822999999999999,0.558844
7,0.54,0.578,0.537525,0.576808
7,0.495,0.596,0.49274999999999997,0.5947720000000001
7,0.45,0.614,0.447975,0.612736
7,0.405,0.632,0.4032,0.6307
7,0.36,0.65,0.358425,0.648664
7,0.315,0.668,0.31365,0.666628
7,0.27,0.686,0.268875,0.684592
7,0.225,0.704,0.2241,0.7025560000000001
7,0.18,0.722,0.179325,0.7205199999999999
7,0.135,0.74,0.13455,0.738484
7,0.09,0.758,0.089775,0.756448
7,0.045,0.776,0.045,0.774412
7,0.0,0.794,-0.00015,0.792376
7,0.03,0.812,0.029625,0.8103400000000001
7,0.075,0.83,0.074325,0.82836
7,0.135,0.82,0.134025,0.818396
7,0.195,0.802,0.19372499999999998,0.800432
7,0.255,0.784,0.253425,0.7824679999999999
7,0.315,0.766,0.313125,0.7645040000000001
7,0.375,0.748,0.37282499999999996,0.74654
7,0.435,0.73,0.432525,0.728576
7,0.495,0.712,0.49222499999999997,0.710612
7,0.555,0.694,0.551925,0.692648
7,0.615,0.676,0.611625,0.674684
7,0.675,0.658,0.671325,0.6567200000000001
7,0.735,0.64,0.731025,0.638756
7,0.795,0.622,0.790725,0.620792
7,0.855,0.604,0.850425,0.6028279999999999
7,0.915,0.586,0.9101250000000001,0.584864
7,0.975,0.568,0.9702500000000001,0.5669
7,0.95,0.55,0.9455500000000001,0.5489360000000001
7,0.89,0.532,0.8858499999999999,0.530972
7,0.83,0.514,0.8261499999999999,0.513008
7,0.77,0.496,0.766425,0.49504000000000004
7,0.715,0.48,0.7117,0.479072
7,0.66,0.464,0.6569750000000001,0.46310399999999996
7,0.605,0.448,0.6022500000000001,0.44713600000000003
7,0.55,0.432,0.5475249999999999,0.431168
7,0.495,0.416,0.4928,0.4152
7,0.44,0.4,0.438075,0.39923200000000003
7,0.385,0.384,0.38335,0.383264
7,0.33,0.368,0.32862499999999994,0.367296
7,0.275,0.352,0.27390000000000003,0.351328
7,0.22,0.336,0.219175,0.33536
7,0.165,0.32,0.16445,0.319392
7,0.11,0.304,0.109725,0.30342399999999997
7,0.055,0.288,0.055,0.28745600000000004
7,0.0,0.272,-0.000225,0.271488
7,0.045,0.256,0.044500000000000005,0.25552
7,0.1,0.24,0.099225,0.239552
7,0.155,0.224,0.15395,0.223584
7,0.21,0.208,0.208675,0.20761600000000002
7,0.265,0.192,0.2634,0.19164799999999999
7,0.32,0.176,0.318125,0.17568
7,0.375,0.16,0.37292499999999995,0.159652
7,0.415,0.174,0.412725,0.17362
7,0.455,0.19,0.45252499999999996,0.189588
7,0.495,0.206,0.492325,0.20555600000000002
7,0.535,0.222,0.532125,0.221524
7,0.575,0.238,0.571925,0.23749199999999998
7,0.615,0.254,0.611725,0.25346
7,0.655,0.27,0.651525,0.269428
7,0.695,0.286,0.691325,0.28539600000000004
7,0.735,0.302,0.731125,0.30136399999999997
7,0.775,0.318,0.770925,0.317332
7,0.815,0.334,0.810725,0.3333
7,0.855,0.35,0.850525,0.34926799999999997
7,0.895,0.366,0.890325,0.365236
7,0.935,0.382,0.930125,0.381204
7,0.975,0.398,0.9702,0.397172
7,0.96,0.414,0.9554,0.41314
7,0.92,0.43,0.9156,0.429108
7,0.88,0.446,0.8758,0.445076
7,0.84,0.462,0.836,0.461044
7,0.8,0.478,0.7962,0.477012
7,0.76,0.494,0.7564,0.49298000000000003
7,0.72,0.51,0.7166,0.508948
7,0.68,0.526,0.6768000000000001,0.524916
7,0.64,0.542,0.637,0.540884
7,0.6,0.558,0.5972,0.556852
7,0.56,0.574,0.5574,0.57282
7,0.52,0.59,0.5176,0.588788
7,0.48,0.606,0.4778,0.604756
7,0.44,0.622,0.43799999999999994,0.620724
7,0.4,0.638,0.3982,0.636692
7,0.36,0.654,0.35840000000000005,0.65266
7,0.32,0.67,0.3186,0.668628
7,0.28,0.686,0.2788,0.684596
7,0.24,0.702,0.239,0.700564
7,0.2,0.718,0.19920000000000002,0.7165320000000001
7,0.16,0.734,0.1594,0.7325
7,0.12,0.75,0.11960000000000001,0.7484679999999999
7,0.08,0.766,0.07980000000000001,0.764436
7,0.04,0.782,0.04,0.780404
7,0.0,0.798,-0.0002,0.796372
7,0.04,0.814,0.039599999999999996,0.8123400000000001
7,0.08,0.83,0.07980000000000001,0.828352
7,0.04,0.824,0.04,0.822384
7,0.0,0.808,-7.5e-05,0.806416
7,0.015,0.792,0.014724999999999999,0.7904479999999999
7,0.055,0.776,0.054525,0.7744800000000001
7,0.095,0.76,0.09432499999999999,0.758512
7,0.135,0.744,0.134125,0.742544
7,0.175,0.728,0.173925,0.726576
7,0.215,0.712,0.213725,0.7106079999999999
7,0.255,0.696,0.253525,0.69464
7,0.295,0.68,0.293325,0.678672
7,0.335,0.664,0.333125,0.662704
7,0.375,0.648,0.37292499999999995,0.646736
7,0.415,0.632,0.412725,0.630768
7,0.455,0.616,0.45252499999999996,0.6147999999999999
7,0.495,0.6,0.492325,0.598832
7,0.535,0.584,0.532125,0.582864
7,0.575,0.568,0.571925,0.566896
7,0.615,0.552,0.611725,0.550928
7,0.655,0.536,0.651525,0.53496
7,0.695,0.52,0.691325,0.5189360000000001
7,0.735,0.532,0.731125,0.530904
7,0.775,0.548,0.770925,0.5468719999999999
7,0.815,0.564,0.810725,0.56284
7,0.855,0.58,0.850525,0.578808
7,0.895,0.596,0.890325,0.594776
7,0.935,0.612,0.930125,0.6107440000000001
7,0.975,0.628,0.9702249999999999,0.6267119999999999
7,0.955,0.644,0.9504250000000001,0.6426799999999999
7,0.915,0.66,0.910625,0.658648
7,0.875,0.676,0.870825,0.674616
7,0.835,0.692,0.831025,0.690584
7,0.795,0.708,0.7912250000000001,0.7065520000000001
7,0.755,0.724,0.751425,0.7225199999999999
7,0.715,0.74,0.711625,0.738488
7,0.675,0.756,0.671825,0.754456
7,0.635,0.772,0.6320250000000001,0.770424
7,0.595,0.788,0.5922,0.786396
7,0.56,0.802,0.557375,0.8003680000000001
7,0.525,0.816,0.5225500000000001,0.8143400000000001
7,0.49,0.83,0.487725,0.828364
7,0.455,0.818,0.45289999999999997,0.816392
7,0.42,0.804,0.418075,0.8024199999999999
7,0.385,0.79,0.38325000000000004,0.7884479999999999
7,0.35,0.776,0.348425,0.774476
7,0.315,0.762,0.3136,0.7605040000000001
7,0.28,0.748,0.278775,0.7465320000000001
7,0.245,0.734,0.24395,0.73256
7,0.21,0.72,0.209125,0.718588
7,0.175,0.706,0.1743,0.704616
7,0.14,0.692,0.139475,0.690644
7,0.105,0.678,0.10464999999999999,0.676672
7,0.07,0.664,0.069825,0.6627000000000001
7,0.035,0.65,0.035,0.648728
7,0.0,0.636,-0.00015,0.634756
7,0.03,0.622,0.029674999999999997,0.620784
7,0.065,0.608,0.0645,0.606812
7,0.1,0.594,0.099325,0.59284
7,0.135,0.58,0.13415,0.578868
7,0.17,0.566,0.16897500000000001,0.564896
7,0.205,0.552,0.20379999999999998,0.550924
7,0.24,0.538,0.238625,0.536952
7,0.275,0.524,0.27344999999999997,0.52298
7,0.31,0.51,0.308275,0.509008
7,0.345,0.496,0.3431,0.495036
7,0.38,0.482,0.37792499999999996,0.48106400000000005
7,0.415,0.468,0.41275,0.467092
7,0.45,0.454,0.447575,0.45312
7,0.485,0.44,0.4824,0.43914800000000004
7,0.52,0.426,0.5172249999999999,0.425176
7,0.555,0.412,0.5520499999999999,0.411204
7,0.59,0.398,0.586875,0.39723200000000003
7,0.625,0.384,0.6217,0.38326
7,0.66,0.37,0.656525,0.369288
7,0.695,0.356,0.69135,0.35531599999999997
7,0.73,0.342,0.726175,0.341344
7,0.765,0.328,0.7609999999999999,0.327372
7,0.8,0.314,0.795825,0.31339999999999996
7,0.835,0.3,0.83065,0.29942799999999997
7,0.87,0.286,0.865475,0.28545600000000004
7,0.905,0.272,0.9003,0.271484
7,0.94,0.258,0.935125,0.257512
7,0.975,0.244,0.970275,0.24353999999999998
7,0.945,0.23,0.94045,0.22956800000000002
7,0.91,0.216,0.905625,0.215596
7,0.875,0.202,0.8708,0.201624
7,0.84,0.188,0.8359749999999999,0.18765199999999999
7,0.805,0.174,0.8011499999999999,0.17368
7,0.77,0.16,0.7663249999999999,0.159656
7,0.735,0.172,0.7315,0.17162799999999998
7,0.7,0.186,0.696675,0.1856
7,0.665,0.2,0.66185,0.199572
7,0.63,0.214,0.627025,0.213544
7,0.595,0.228,0.5922,0.227516
7,0.56,0.242,0.557375,0.241488
7,0.525,0.256,0.5225500000000001,0.25546
7,0.49,0.27,0.487725,0.269432
7,0.455,0.284,0.45289999999999997,0.283404
7,0.42,0.298,0.418075,0.297376
7,0.385,0.312,0.38325000000000004,0.311348
7,0.35,0.326,0.348425,0.32532
7,0.315,0.34,0.3136,0.339292
7,0.28,0.354,0.278775,0.353264
7,0.245,0.368,0.24395,0.367236
7,0.21,0.382,0.209125,0.38120800000000005
7,0.175,0.396,0.1743,0.39518000000000003
7,0.14,0.41,0.139475,0.40915199999999996
7,0.105,0.424,0.10464999999999999,0.423124
7,0.07,0.438,0.069825,0.437096
7,0.035,0.452,0.035,0.45106799999999997
7,0.0,0.466,-7.5e-05,0.46504
7,0.015,0.48,0.014750000000000001,0.479012
7,0.05,0.494,0.049574999999999994,0.492984
7,0.085,0.508,0.08439999999999999,0.506956
7,0.12,0.522,0.119225,0.520928
7,0.155,0.536,0.15405,0.5348999999999999
7,0.19,0.55,0.188875,0.5488719999999999
7,0.225,0.564,0.2237,0.562844
7,0.26,0.578,0.258525,0.576816
7,0.295,0.592,0.29335,0.590788
7,0.33,0.606,0.32817500000000005,0.60476
7,0.365,0.62,0.363,0.618732
7,0.4,0.634,0.397825,0.6327039999999999
7,0.435,0.648,0.43265,0.646676
7,0.47,0.662,0.46747500000000003,0.660648
7,0.505,0.676,0.5023,0.67462
7,0.54,0.69,0.537125,0.688592
7,0.575,0.704,0.57195,0.702564
7,0.61,0.718,0.6067750000000001,0.716536
7,0.645,0.732,0.6416,0.730508
7,0.68,0.746,0.6764249999999999,0.74448
7,0.715,0.76,0.71125,0.758452
7,0.75,0.774,0.746075,0.772424
7,0.785,0.788,0.7809,0.786396
7,0.82,0.802,0.815725,0.8003680000000001
7,0.855,0.816,0.85055,0.8143400000000001
7,0.89,0.83,0.002364375,0.00021947999999999998
7,0.475,0.11,0.472875,0.10973999999999999
7,0.425,0.13,0.42262500000000003,0.12969999999999998
7,0.475,0.15,0.472375,0.14966
7,0.525,0.17,0.522125,0.16962
7,0.575,0.19,0.571875,0.18958000000000003
7,0.625,0.21,0.621625,0.20954
7,0.675,0.23,0.671375,0.2295
7,0.725,0.25,0.721125,0.24946000000000002
7,0.775,0.27,0.7708750000000001,0.26942
7,0.825,0.29,0.820625,0.28937999999999997
7,0.875,0.31,0.8703749999999999,0.30933999999999995
7,0.925,0.33,0.9201250000000001,0.32930000000000004
7,0.975,0.35,0.970375,0.34926
7,0.925,0.37,0.920625,0.36922000000000005
7,0.875,0.39,0.8708750000000001,0.38918
7,0.825,0.41,0.821125,0.40914
7,0.775,0.43,0.771375,0.42910000000000004
7,0.725,0.45,0.721625,0.44906
7,0.675,0.47,0.671375,0.46902
7,0.725,0.49,0.721125,0.48898
7,0.775,0.51,0.7708750000000001,0.50894
7,0.825,0.53,0.820625,0.5288999999999999
7,0.875,0.55,0.8703749999999999,0.54886
7,0.925,0.57,0.9201250000000001,0.5688200000000001
7,0.975,0.59,0.9702500000000001,0.58878
7,0.95,0.61,0.9455,0.6087400000000001
7,0.9,0.63,0.89575,0.6287
7,0.85,0.65,0.846,0.64866
7,0.8,0.67,0.79625,0.66862
7,0.75,0.69,0.7465,0.6885800000000001
7,0.7,0.71,0.69675,0.70854
7,0.65,0.73,0.647,0.7285
7,0.6,0.75,0.5972500000000001,0.74846
7,0.55,0.77,0.5475,0.76842
7,0.5,0.79,0.49774999999999997,0.78838
7,0.45,0.81,0.44799999999999995,0.8083400000000001
7,0.4,0.83,0.39825000000000005,0.82836
7,0.35,0.82,0.34850000000000003,0.8184
7,0.3,0.8,0.29875,0.79844
7,0.25,0.78,0.249,0.7784800000000001
7,0.2,0.76,0.19925,0.75852
7,0.15,0.74,0.1495,0.73856
7,0.1,0.72,0.09974999999999999,0.7186
7,0.05,0.7,0.05,0.69864
7,0.0,0.68,-0.000125,0.67868
7,0.025,0.66,0.024624999999999998,0.65872
7,0.075,0.64,0.074375,0.63876
7,0.125,0.62,0.124125,0.6187999999999999
7,0.175,0.6,0.173875,0.59884
7,0.225,0.58,0.22362500000000002,0.57888
7,0.275,0.56,0.273375,0.55892
7,0.325,0.54,0.323125,0.53896
7,0.375,0.52,0.372875,0.5189400000000001
7,0.425,0.53,0.42262500000000003,0.5288999999999999
7,0.475,0.55,0.472375,0.54886
7,0.525,0.57,0.522125,0.5688200000000001
7,0.575,0.59,0.571875,0.58878
7,0.625,0.61,0.621625,0.6087400000000001
7,0.675,0.63,0.671375,0.6287
7,0.725,0.65,0.721125,0.64866
7,0.775,0.67,0.7708750000000001,0.66862
7,0.825,0.69,0.820625,0.6885800000000001
7,0.875,0.71,0.8703749999999999,0.70854
7,0.925,0.73,0.9201250000000001,0.7285
7,0.975,0.75,0.9702500000000001,0.74846
7,0.95,0.77,0.9455,0.76842
7,0.9,0.79,0.89575,0.78838
7,0.85,0.81,0.846,0.8083400000000001
7,0.8,0.83,0.79625,0.82838
7,0.75,0.81,0.7465,0.8084199999999999
7,0.7,0.79,0.69675,0.78846
7,0.65,0.77,0.647,0.7685
7,0.6,0.75,0.5972500000000001,0.74854
7,0.55,0.73,0.5475,0.72858
7,0.5,0.71,0.49774999999999997,0.70862
7,0.45,0.69,0.44799999999999995,0.6886599999999999
7,0.4,0.67,0.39825000000000005,0.6687000000000001
7,0.35,0.65,0.34850000000000003,0.64874
7,0.3,0.63,0.29875,0.62878
7,0.25,0.61,0.249,0.60882
7,0.2,0.59,0.19925,0.58886
7,0.15,0.57,0.1495,0.5689
7,0.1,0.55,0.09974999999999999,0.5489400000000001
7,0.05,0.53,0.05,0.52898
7,0.0,0.51,-0.00015,0.50902
7,0.03,0.49,0.0296,0.48906
7,0.08,0.47,0.07934999999999999,0.4691
7,0.13,0.45,0.1291,0.44914
7,0.18,0.43,0.17885,0.42918
7,0.23,0.41,0.2286,0.40922000000000003
7,0.28,0.39,0.27835,0.38926
7,0.33,0.37,0.3281,0.3693
7,0.38,0.35,0.37784999999999996,0.34934
7,0.43,0.33,0.4276,0.32938
7,0.48,0.31,0.47735,0.30942000000000003
7,0.53,0.29,0.5271,0.28946
7,0.58,0.27,0.57685,0.2695
7,0.63,0.25,0.626625,0.249536
7,0.675,0.232,0.6714,0.231572
7,0.72,0.214,0.7161750000000001,0.213608
7,0.765,0.196,0.76095,0.195644
7,0.81,0.178,0.805725,0.17768
7,0.855,0.16,0.85095,0.159672
7,0.81,0.164,0.8061750000000001,0.163636
7,0.765,0.182,0.7614,0.18159999999999998
7,0.72,0.2,0.716625,0.199564
7,0.675,0.218,0.6718500000000001,0.217528
7,0.63,0.236,0.627075,0.23549199999999998
7,0.585,0.254,0.5822999999999999,0.253456
7,0.54,0.272,0.537525,0.27142
7,0.495,0.29,0.49274999999999997,0.28938400000000003
7,0.45,0.308,0.447975,0.307348
7,0.405,0.326,0.4032,0.325312
7,0.36,0.344,0.358425,0.343276
7,0.315,0.362,0.31365,0.36124
7,0.27,0.38,0.268875,0.379204
7,0.225,0.398,0.2241,0.397168
7,0.18,0.416,0.179325,0.415132
7,0.135,0.434,0.13455,0.433096
7,0.09,0.452,0.089775,0.45106
7,0.045,0.47,0.045,0.469024
7,0.0,0.488,-0.000225,0.486988
7,0.045,0.506,0.04455,0.504952
7,0.09,0.524,0.08932499999999999,0.522916
7,0.135,0.542,0.1341,0.54088
7,0.18,0.56,0.178875,0.558844
7,0.225,0.578,0.22365,0.576808
7,0.27,0.596,0.268425,0.5947720000000001
7,0.315,0.614,0.3132,0.612736
7,0.36,0.632,0.357975,0.6307
7,0.405,0.65,0.40275,0.648664
7,0.45,0.668,0.44752499999999995,0.666628
7,0.495,0.686,0.49229999999999996,0.684592
7,0.54,0.704,0.5370750000000001,0.7025560000000001
7,0.585,0.722,0.58185,0.7205199999999999
7,0.63,0.74,0.626625,0.738484
7,0.675,0.758,0.6714,0.756448
7,0.72,0.776,0.7161750000000001,0.774412
7,0.765,0.794,0.76095,0.792376
7,0.81,0.812,0.805725,0.8103400000000001
7,0.855,0.83,0.850425,0.828348
7,0.915,0.826,0.9101250000000001,0.824384
7,0.975,0.808,0.9702,0.8064199999999999
7,0.96,0.79,0.9555,0.788456
7,0.9,0.772,0.8957999999999999,0.770492
7,0.84,0.754,0.8361,0.752528
7,0.78,0.736,0.7764,0.734564
7,0.72,0.718,0.7167,0.7166
7,0.66,0.7,0.657,0.6986359999999999
7,0.6,0.682,0.5972999999999999,0.680672
7,0.54,0.664,0.5376,0.662708
7,0.48,0.646,0.4779,0.644744
7,0.42,0.628,0.4182,0.62678
7,0.36,0.61,0.35850000000000004,0.608816
7,0.3,0.592,0.2988,0.5908519999999999
7,0.24,0.574,0.2391,0.5728880000000001
7,0.18,0.556,0.1794,0.554924
7,0.12,0.538,0.1197,0.53696
7,0.06,0.52,0.06,0.518996
7,0.0,0.502,-7.5e-05,0.501032
7,0.015,0.484,0.014624999999999999,0.483068
7,0.075,0.466,0.074325,0.46510399999999996
7,0.135,0.448,0.134025,0.44714
7,0.195,0.43,0.19372499999999998,0.429176
7,0.255,0.412,0.253425,0.41121199999999997
7,0.315,0.394,0.313125,0.393248
7,0.375,0.376,0.37282499999999996,0.375284
7,0.435,0.358,0.432525,0.35731999999999997
7,0.495,0.34,0.49222499999999997,0.339356
7,0.555,0.322,0.551925,0.321392
7,0.615,0.304,0.611625,0.303428
7,0.675,0.286,0.671325,0.285464
7,0.735,0.268,0.731025,0.2675
7,0.795,0.25,0.790725,0.249536
7,0.855,0.232,0.850425,0.231572
7,0.915,0.214,0.9101250000000001,0.213608
7,0.975,0.196,0.9704250000000001,0.195644
7,0.915,0.178,0.910725,0.17768
7,0.855,0.16,0.85095,0.15966
7,0.81,0.17,0.8061750000000001,0.169624
7,0.765,0.188,0.7614,0.187588
7,0.72,0.206,0.716625,0.20555199999999998
7,0.675,0.224,0.6718500000000001,0.223516
7,0.63,0.242,0.627075,0.24148
7,0.585,0.26,0.5822999999999999,0.259444
7,0.54,0.278,0.537525,0.277408
7,0.495,0.296,0.49274999999999997,0.295372
7,0.45,0.314,0.447975,0.313336
7,0.405,0.332,0.4032,0.33130000000000004
7,0.36,0.35,0.358425,0.349264
7,0.315,0.368,0.31365,0.367228
7,0.27,0.386,0.268875,0.38519200000000003
7,0.225,0.404,0.2241,0.403156
7,0.18,0.422,0.179325,0.42112
7,0.135,0.44,0.13455,0.43908400000000003
7,0.09,0.458,0.089775,0.457048
7,0.045,0.476,0.045,0.475012
7,0.0,0.494,-7.5e-05,0.49298000000000003
7,0.015,0.51,0.014724999999999999,0.508948
7,0.055,0.526,0.054525,0.524916
7,0.095,0.542,0.09432499999999999,0.540884
7,0.135,0.558,0.134125,0.556852
7,0.175,0.574,0.173925,0.57282
7,0.215,0.59,0.213725,0.588788
7,0.255,0.606,0.253525,0.604756
7,0.295,0.622,0.293325,0.620724
7,0.335,0.638,0.333125,0.636692
7,0.375,0.654,0.37292499999999995,0.65266
7,0.415,0.67,0.412725,0.668628
7,0.455,0.686,0.45252499999999996,0.684596
7,0.495,0.702,0.492325,0.700564
7,0.535,0.718,0.532125,0.7165320000000001
7,0.575,0.734,0.571925,0.7325
7,0.615,0.75,0.611725,0.7484679999999999
7,0.655,0.766,0.651525,0.764436
7,0.695,0.782,0.691325,0.780404
7,0.735,0.798,0.731125,0.796372
7,0.775,0.814,0.770925,0.8123400000000001
7,0.815,0.83,0.810725,0.8283680000000001
7,0.855,0.816,0.850525,0.8144
7,0.895,0.8,0.890325,0.798432
7,0.935,0.784,0.930125,0.782464
7,0.975,0.768,0.9702,0.766496
7,0.96,0.752,0.9554,0.750528
7,0.92,0.736,0.9156,0.73456
7,0.88,0.72,0.8758,0.718592
7,0.84,0.704,0.836,0.702624
7,0.8,0.688,0.7962,0.6866559999999999
7,0.76,0.672,0.7564,0.670688
7,0.72,0.656,0.7166,0.6547200000000001
7,0.68,0.64,0.6768000000000001,0.638752
7,0.64,0.624,0.637,0.622784
7,0.6,0.608,0.5972,0.606816
7,0.56,0.592,0.5574,0.5908479999999999
7,0.52,0.576,0.5176,0.57488
7,0.48,0.56,0.4778,0.5589120000000001
7,0.44,0.544,0.43799999999999994,0.542944
7,0.4,0.528,0.3982,0.526976
7,0.36,0.512,0.35840000000000005,0.511008
7,0.32,0.496,0.3186,0.49504000000000004
7,0.28,0.48,0.2788,0.479072
7,0.24,0.464,0.239,0.46310399999999996
7,0.2,0.448,0.19920000000000002,0.44713600000000003
7,0.16,0.432,0.1594,0.431168
7,0.12,0.416,0.11960000000000001,0.4152
7,0.08,0.4,0.07980000000000001,0.39923200000000003
7,0.04,0.384,0.04,0.383264
7,0.0,0.368,-0.0002,0.367296
7,0.04,0.352,0.039599999999999996,0.351328
7,0.08,0.336,0.0794,0.33536
7,0.12,0.32,0.1192,0.319392
7,0.16,0.304,0.159,0.30342399999999997
7,0.2,0.288,0.19879999999999998,0.28745600000000004
7,0.24,0.272,0.2386,0.271488
7,0.28,0.256,0.2784,0.25552
7,0.32,0.24,0.3182,0.239552
7,0.36,0.224,0.358,0.223584
7,0.4,0.208,0.3978,0.20761600000000002
7,0.44,0.192,0.4376,0.19164799999999999
7,0.48,0.176,0.47740000000000005,0.17568
7,0.52,0.16,0.5176,0.159668
7,0.48,0.166,0.4778,0.165636
7,0.44,0.182,0.43799999999999994,0.18160400000000002
7,0.4,0.198,0.3982,0.197572
7,0.36,0.214,0.35840000000000005,0.21353999999999998
7,0.32,0.23,0.3186,0.22950800000000002
7,0.28,0.246,0.2788,0.245476
7,0.24,0.262,0.239,0.261444
7,0.2,0.278,0.19920000000000002,0.277412
7,0.16,0.294,0.1594,0.29338
7,0.12,0.31,0.11960000000000001,0.309348
7,0.08,0.326,0.07980000000000001,0.325316
7,0.04,0.342,0.04,0.341284
7,0.0,0.358,-0.0001,0.357252
7,0.02,0.374,0.0197,0.37322000000000005
7,0.06,0.39,0.059500000000000004,0.389188
7,0.1,0.406,0.0993,0.405156
7,0.14,0.422,0.1391,0.421124
7,0.18,0.438,0.1789,0.437092
7,0.22,0.454,0.2187,0.45306
7,0.26,0.47,0.2585,0.469084
7,0.3,0.458,0.2983,0.45711599999999997
7,0.34,0.442,0.3381,0.44114800000000004
7,0.38,0.426,0.3779,0.42518
7,0.42,0.41,0.4177,0.40921199999999996
7,0.46,0.394,0.4575,0.39324400000000004
7,0.5,0.378,0.49729999999999996,0.377276
7,0.54,0.362,0.5371,0.361308
7,0.58,0.346,0.5769,0.34534
7,0.62,0.33,0.6167,0.329372
7,0.66,0.314,0.6565000000000001,0.313404
7,0.7,0.298,0.6962999999999999,0.297436
7,0.74,0.282,0.7361,0.281468
7,0.78,0.266,0.7759,0.2655
7,0.82,0.25,0.8157,0.249532
7,0.86,0.234,0.8554999999999999,0.233564
7,0.9,0.218,0.8953,0.217596
7,0.94,0.202,0.935125,0.201624
7,0.975,0.188,0.970275,0.18765199999999999
7,0.945,0.174,0.94045,0.17368
7,0.91,0.16,0.905625,0.159656
7,0.875,0.172,0.8708,0.17162799999999998
7,0.84,0.186,0.8359749999999999,0.1856
7,0.805,0.2,0.8011499999999999,0.199572
7,0.77,0.214,0.7663249999999999,0.213544
7,0.735,0.228,0.7315,0.227516
7,0.7,0.242,0.696675,0.241488
7,0.665,0.256,0.66185,0.25546
7,0.63,0.27,0.627025,0.269432
7,0.595,0.284,0.5922,0.283404
7,0.56,0.298,0.557375,0.297376
7,0.525,0.312,0.5225500000000001,0.311348
7,0.49,0.326,0.487725,0.32532
7,0.455,0.34,0.45289999999999997,0.339292
7,0.42,0.354,0.418075,0.353264
7,0.385,0.368,0.38325000000000004,0.367236
7,0.35,0.382,0.348425,0.38120800000000005
7,0.315,0.396,0.3136,0.39518000000000003
7,0.28,0.41,0.278775,0.40915199999999996
7,0.245,0.424,0.24395,0.423124
7,0.21,0.438,0.209125,0.437096
7,0.175,0.452,0.1743,0.45106799999999997
7,0.14,0.466,0.139475,0.46504
7,0.105,0.48,0.10464999999999999,0.479012
7,0.07,0.494,0.069825,0.492984
7,0.035,0.508,0.035,0.506956
7,0.0,0.522,-0.00015,0.520928
7,0.03,0.536,0.029674999999999997,0.5348999999999999
7,0.065,0.55,0.0645,0.5488719999999999
7,0.1,0.564,0.099325,0.562844
7,0.135,0.578,0.13415,0.576816
7,0.17,0.592,0.16897500000000001,0.590788
7,0.205,0.606,0.20379999999999998,0.60476
7,0.24,0.62,0.238625,0.618732
7,0.275,0.634,0.27344999999999997,0.6327039999999999
7,0.31,0.648,0.308275,0.646676
7,0.345,0.662,0.3431,0.660648
7,0.38,0.676,0.37792499999999996,0.67462
7,0.415,0.69,0.41275,0.688592
7,0.45,0.704,0.447575,0.702564
7,0.485,0.718,0.4824,0.716536
7,0.52,0.732,0.5172249999999999,0.730508
7,0.555,0.746,0.5520499999999999,0.74448
7,0.59,0.76,0.586875,0.758452
7,0.625,0.774,0.6217,0.772424
7,0.66,0.788,0.656525,0.786396
7,0.695,0.802,0.69135,0.8003680000000001
7,0.73,0.816,0.726175,0.8143400000000001
7,0.765,0.83,0.7609999999999999,0.828364
7,0.8,0.818,0.795825,0.816392
7,0.835,0.804,0.83065,0.8024199999999999
7,0.87,0.79,0.865475,0.7884479999999999
7,0.905,0.776,0.9003,0.774476
7,0.94,0.762,0.935125,0.7605040000000001
7,0.975,0.748,0.970275,0.7465320000000001
7,0.945,0.734,0.94045,0.73256
7,0.91,0.72,0.905625,0.718588
7,0.875,0.706,0.8708,0.704616
7,0.84,0.692,0.8359749999999999,0.690644
7,0.805,0.678,0.8011499999999999,0.676672
7,0.77,0.664,0.7663249999999999,0.6627000000000001
7,0.735,0.65,0.7315,0.648728
7,0.7,0.636,0.696675,0.634756
7,0.665,0.622,0.66185,0.620784
7,0.63,0.608,0.627025,0.606812
7,0.595,0.594,0.5922,0.59284
7,0.56,0.58,0.557375,0.578868
7,0.525,0.566,0.5225500000000001,0.564896
7,0.49,0.552,0.487725,0.550924
7,0.455,0.538,0.45289999999999997,0.536952
7,0.42,0.524,0.418075,0.52298
7,0.385,0.51,0.38325000000000004,0.509008
7,0.35,0.496,0.348425,0.495036
7,0.315,0.482,0.3136,0.48106400000000005
7,0.28,0.468,0.278775,0.467092
7,0.245,0.454,0.24395,0.45312
7,0.21,0.44,0.209125,0.43914800000000004
7,0.175,0.426,0.1743,0.425176
7,0.14,0.412,0.139475,0.411204
7,0.105,0.398,0.10464999999999999,0.39723200000000003
7,0.07,0.384,0.069825,0.38326
7,0.035,0.37,0.035,0.369288
7,0.0,0.356,-0.00017500000000000003,0.35531599999999997
7,0.035,0.342,0.03465,0.341344
7,0.07,0.328,0.069475,0.327372
7,0.105,0.314,0.1043,0.31339999999999996
7,0.14,0.3,0.139125,0.29942799999999997
7,0.175,0.286,0.17395,0.28545600000000004
7,0.21,0.272,0.20877500000000002,0.271484
7,0.245,0.258,0.24359999999999998,0.257512
7,0.28,0.244,0.27842500000000003,0.24353999999999998
7,0.315,0.23,0.31325,0.22956800000000002
7,0.35,0.216,0.34807499999999997,0.215596
7,0.385,0.202,0.3829,0.201624
7,0.42,0.188,0.417725,0.18765199999999999
7,0.455,0.174,0.45255,0.17368
7,0.49,0.16,0.004478625000000001,0.000235456
7,0.9,0.118,0.8957250000000001,0.117728
7,0.855,0.136,0.85095,0.135692
7,0.81,0.154,0.8061750000000001,0.15365600000000001
7,0.765,0.172,0.7614,0.17162
7,0.72,0.19,0.716625,0.189584
7,0.675,0.208,0.6718500000000001,0.207548
7,0.63,0.226,0.627075,0.225512
7,0.585,0.244,0.5822999999999999,0.243476
7,0.54,0.262,0.537525,0.26144
7,0.495,0.28,0.49274999999999997,0.279404
7,0.45,0.298,0.447975,0.297368
7,0.405,0.316,0.4032,0.315332
7,0.36,0.334,0.358425,0.333296
7,0.315,0.352,0.31365,0.35126
7,0.27,0.37,0.268875,0.369224
7,0.225,0.388,0.2241,0.387188
7,0.18,0.406,0.179325,0.405152
7,0.135,0.424,0.13455,0.423116
7,0.09,0.442,0.089775,0.44107999999999997
7,0.045,0.46,0.045,0.459044
7,0.0,0.478,-0.000125,0.477012
7,0.025,0.494,0.024675,0.49298000000000003
7,0.065,0.51,0.064475,0.508948
7,0.105,0.526,0.104275,0.524916
7,0.145,0.542,0.144075,0.540884
7,0.185,0.558,0.18387499999999998,0.556852
7,0.225,0.574,0.22367499999999998,0.57282
7,0.265,0.59,0.263475,0.588788
7,0.305,0.606,0.303275,0.604756
7,0.345,0.622,0.34307499999999996,0.620724
7,0.385,0.638,0.382875,0.636692
7,0.425,0.654,0.42267499999999997,0.65266
7,0.465,0.67,0.462475,0.668628
7,0.505,0.686,0.502275,0.684596
7,0.545,0.702,0.5420750000000001,0.700564
7,0.585,0.718,0.581875,0.7165320000000001
7,0.625,0.734,0.621675,0.7325
7,0.665,0.75,0.6614749999999999,0.7484679999999999
7,0.705,0.766,0.701275,0.764436
7,0.745,0.782,0.741075,0.780404
7,0.785,0.798,0.7808750000000001,0.796372
7,0.825,0.814,0.8206749999999999,0.8123400000000001
7,0.865,0.83,0.8604,0.8283680000000001
7,0.92,0.816,0.9151250000000001,0.8144
7,0.975,0.8,0.970325,0.798432
7,0.935,0.784,0.9306,0.782464
7,0.88,0.768,0.8758750000000001,0.766496
7,0.825,0.752,0.8211499999999999,0.750528
7,0.77,0.736,0.766425,0.73456
7,0.715,0.72,0.7117,0.718592
7,0.66,0.704,0.6569750000000001,0.702624
7,0.605,0.688,0.6022500000000001,0.6866559999999999
7,0.55,0.672,0.5475249999999999,0.670688
7,0.495,0.656,0.4928,0.6547200000000001
7,0.44,0.64,0.438075,0.638752
7,0.385,0.624,0.38335,0.622784
7,0.33,0.608,0.32862499999999994,0.606816
7,0.275,0.592,0.27390000000000003,0.5908479999999999
7,0.22,0.576,0.219175,0.57488
7,0.165,0.56,0.16445,0.5589120000000001
7,0.11,0.544,0.109725,0.542944
7,0.055,0.528,0.055,0.526976
7,0.0,0.512,-0.0002,0.511008
7,0.04,0.496,0.039525000000000005,0.49504000000000004
7,0.095,0.48,0.09425,0.479072
7,0.15,0.464,0.148975,0.46310399999999996
7,0.205,0.448,0.20370000000000002,0.44713600000000003
7,0.26,0.432,0.258425,0.431168
7,0.315,0.416,0.31315000000000004,0.4152
7,0.37,0.4,0.367875,0.39923200000000003
7,0.425,0.384,0.4226,0.383264
7,0.48,0.368,0.477325,0.367296
7,0.535,0.352,0.53205,0.351328
7,0.59,0.336,0.586775,0.33536
7,0.645,0.32,0.6415000000000001,0.319392
7,0.7,0.304,0.696225,0.30342399999999997
7,0.755,0.288,0.75095,0.28745600000000004
7,0.81,0.272,0.8056749999999999,0.271488
7,0.865,0.256,0.8604,0.25552
7,0.92,0.24,0.9151250000000001,0.239552
7,0.975,0.224,0.970175,0.223584
7,0.965,0.208,0.96045,0.20761600000000002
7,0.91,0.192,0.905725,0.19164799999999999
7,0.855,0.176,0.851,0.17568
7,0.8,0.16,0.7962,0.159656
7,0.76,0.172,0.7564,0.171624
7,0.72,0.188,0.7166,0.187592
7,0.68,0.204,0.6768000000000001,0.20356
7,0.64,0.22,0.637,0.219528
7,0.6,0.236,0.5972,0.235496
7,0.56,0.252,0.5574,0.251464
7,0.52,0.268,0.5176,0.267432
7,0.48,0.284,0.4778,0.2834
7,0.44,0.3,0.43799999999999994,0.29936799999999997
7,0.4,0.316,0.3982,0.315336
7,0.36,0.332,0.35840000000000005,0.331304
7,0.32,0.348,0.3186,0.34727199999999997
7,0.28,0.364,0.2788,0.36324
7,0.24,0.38,0.239,0.37920800000000005
7,0.2,0.396,0.19920000000000002,0.39517599999999997
7,0.16,0.412,0.1594,0.411144
7,0.12,0.428,0.11960000000000001,0.42711200000000005
7,0.08,0.444,0.07980000000000001,0.44308
7,0.04,0.46,0.04,0.459048
7,0.0,0.476,-0.000125,0.475016
7,0.025,0.492,0.024675,0.490984
7,0.065,0.508,0.064475,0.506952
7,0.105,0.524,0.104275,0.5229199999999999
7,0.145,0.54,0.144075,0.538888
7,0.185,0.556,0.18387499999999998,0.554856
7,0.225,0.572,0.22367499999999998,0.570824
7,0.265,0.588,0.263475,0.586792
7,0.305,0.604,0.303275,0.60276
7,0.345,0.62,0.34307499999999996,0.618728
7,0.385,0.636,0.382875,0.634696
7,0.425,0.652,0.42267499999999997,0.650664
7,0.465,0.668,0.462475,0.666632
7,0.505,0.684,0.502275,0.6826
7,0.545,0.7,0.5420750000000001,0.698568
7,0.585,0.716,0.581875,0.714536
7,0.625,0.732,0.6217,0.730508
7,0.66,0.746,0.656525,0.74448
7,0.695,0.76,0.69135,0.758452
7,0.73,0.774,0.726175,0.772424
7,0.765,0.788,0.7609999999999999,0.786396
7,0.8,0.802,0.795825,0.8003680000000001
7,0.835,0.816,0.83065,0.8143400000000001
7,0.87,0.83,0.865475,0.8283440000000001
7,0.905,0.828,0.9003,0.826372
7,0.94,0.814,0.935125,0.8124
7,0.975,0.8,0.970275,0.798428
7,0.945,0.786,0.94045,0.784456
7,0.91,0.772,0.905625,0.7704840000000001
7,0.875,0.758,0.8708,0.756512
7,0.84,0.744,0.8359749999999999,0.74254
7,0.805,0.73,0.8011499999999999,0.728568
7,0.77,0.716,0.7663249999999999,0.714596
7,0.735,0.702,0.7315,0.700624
7,0.7,0.688,0.696675,0.686652
7,0.665,0.674,0.66185,0.67268
7,0.63,0.66,0.627025,0.658708
7,0.595,0.646,0.5922,0.644736
7,0.56,0.632,0.557375,0.630764
7,0.525,0.618,0.5225500000000001,0.616792
7,0.49,0.604,0.487725,0.60282
7,0.455,0.59,0.45289999999999997,0.5888479999999999
7,0.42,0.576,0.418075,0.5748759999999999
7,0.385,0.562,0.38325000000000004,0.560904
7,0.35,0.548,0.348425,0.546932
7,0.315,0.534,0.3136,0.53296
7,0.28,0.52,0.278775,0.518956
7,0.245,0.522,0.24395,0.520928
7,0.21,0.536,0.209125,0.5348999999999999
7,0.175,0.55,0.1743,0.5488719999999999
7,0.14,0.564,0.139475,0.562844
7,0.105,0.578,0.10464999999999999,0.576816
7,0.07,0.592,0.069825,0.590788
7,0.035,0.606,0.035,0.60476
7,0.0,0.62,-0.00017500000000000003,0.618732
7,0.035,0.634,0.03465,0.6327039999999999
7,0.07,0.648,0.069475,0.646676
7,0.105,0.662,0.1043,0.660648
7,0.14,0.676,0.139125,0.67462
7,0.175,0.69,0.17395,0.688592
7,0.21,0.704,0.20877500000000002,0.702564
7,0.245,0.718,0.24359999999999998,0.716536
7,0.28,0.732,0.27842500000000003,0.730508
7,0.315,0.746,0.31325,0.74448
7,0.35,0.76,0.34807499999999997,0.758452
7,0.385,0.774,0.3829,0.772424
7,0.42,0.788,0.417725,0.786396
7,0.455,0.802,0.45255,0.8003680000000001
7,0.49,0.816,0.48737499999999995,0.8143400000000001
7,0.525,0.83,0.5225500000000001,0.8283440000000001
7,0.49,0.828,0.487725,0.826372
7,0.455,0.814,0.45289999999999997,0.8124
7,0.42,0.8,0.418075,0.798428
7,0.385,0.786,0.38325000000000004,0.784456
7,0.35,0.772,0.348425,0.7704840000000001
7,0.315,0.758,0.3136,0.756512
7,0.28,0.744,0.278775,0.74254
7,0.245,0.73,0.24395,0.728568
7,0.21,0.716,0.209125,0.714596
7,0.175,0.702,0.1743,0.700624
7,0.14,0.688,0.139475,0.686652
7,0.105,0.674,0.10464999999999999,0.67268
7,0.07,0.66,0.069825,0.658708
7,0.035,0.646,0.035,0.644736
7,0.0,0.632,-0.00015,0.630764
7,0.03,0.618,0.029674999999999997,0.616792
7,0.065,0.604,0.0645,0.60282
7,0.1,0.59,0.099325,0.5888479999999999
7,0.135,0.576,0.13415,0.5748759999999999
7,0.17,0.562,0.16897500000000001,0.560904
7,0.205,0.548,0.20379999999999998,0.546932
7,0.24,0.534,0.238625,0.53296
7,0.275,0.52,0.27344999999999997,0.518956
7,0.31,0.522,0.308275,0.520928
7,0.345,0.536,0.3431,0.5348999999999999
7,0.38,0.55,0.37792499999999996,0.5488719999999999
7,0.415,0.564,0.41275,0.562844
7,0.45,0.578,0.447575,0.576816
7,0.485,0.592,0.4824,0.590788
7,0.52,0.606,0.5172249999999999,0.60476
7,0.555,0.62,0.5520499999999999,0.618732
7,0.59,0.634,0.586875,0.6327039999999999
7,0.625,0.648,0.6217,0.646676
7,0.66,0.662,0.656525,0.660648
7,0.695,0.676,0.69135,0.67462
7,0.73,0.69,0.726175,0.688592
7,0.765,0.704,0.7609999999999999,0.702564
7,0.8,0.718,0.795825,0.716536
7,0.835,0.732,0.83065,0.730508
7,0.87,0.746,0.865475,0.74448
7,0.905,0.76,0.9003,0.758452
7,0.94,0.774,0.935125,0.772424
7,0.975,0.788,0.9702,0.786396
7,0.96,0.802,0.955375,0.8003680000000001
7,0.925,0.816,0.9205500000000001,0.8143400000000001
7,0.89,0.83,0.0,0.0
